-- phpMyAdmin SQL Dump
-- version 4.7.3
-- https://www.phpmyadmin.net/
--
-- Hôte : localhost:3306
-- Généré le :  lun. 18 sep. 2017 à 16:47
-- Version du serveur :  10.0.32-MariaDB
-- Version de PHP :  5.6.30

SET SQL_MODE = "NO_AUTO_VALUE_ON_ZERO";
SET AUTOCOMMIT = 0;
START TRANSACTION;
SET time_zone = "+00:00";


/*!40101 SET @OLD_CHARACTER_SET_CLIENT=@@CHARACTER_SET_CLIENT */;
/*!40101 SET @OLD_CHARACTER_SET_RESULTS=@@CHARACTER_SET_RESULTS */;
/*!40101 SET @OLD_COLLATION_CONNECTION=@@COLLATION_CONNECTION */;
/*!40101 SET NAMES utf8mb4 */;

--
-- Base de données :  `ccf`
--


--
-- Structure de la table `CLASSE`
--

DROP TABLE IF EXISTS `CLASSE`;
CREATE TABLE `CLASSE` (
  `ID_CLASSE` varchar(10) NOT NULL,
  `NO_COURSE` int(11) DEFAULT NULL,
  `LOGIN` varchar(32) NOT NULL,
  `NOM_CLASSE` varchar(128) DEFAULT NULL,
  `COURSE` int(11) DEFAULT NULL
) ENGINE=InnoDB DEFAULT CHARSET=utf8;

--
-- Déchargement des données de la table `CLASSE`
--

INSERT INTO `CLASSE` (`ID_CLASSE`, `NO_COURSE`, `LOGIN`, `NOM_CLASSE`, `COURSE`) VALUES
('1ES1', 2, 'durouch', '1ere_ES_1', 6),
('1ES2', 7, 'lolmedo', '1ere_ES_2', 1),
('1ES3', 4, 'francob', '1ere_ES_3', 6),
('1ES4', 1, 'salzign', '1ere_ES_4', NULL),
('1L1', 1, 'krost', '1ere_L_1', 7),
('1L2', 6, 'fauref', '1ere_L_2', 7),
('1S1', 1, 'dexantm', '1ere_S_1', 5),
('1S2', 1, 'caurand', '1ere_S_2', 2),
('1S3', 7, 'pradalf', '1ere_S_3', 5),
('1S4', 7, 'nocquej', '1ere_S_4', NULL),
('1S5', 3, 'vatblel', '1ere_S_5', NULL),
('1STMG1', 5, 'vantals', '1ere_STMG_1', 4),
('1STMG2', 6, 'bouyers', '1ere_STMG_2', 4),
('1STMG3', 2, 'maillac', '1ere_STMG_3', 4),
('201', 4, 'bertraj', '2NDE_1', 1),
('202', 3, 'melissc', '2NDE_2', 6),
('203', 6, 'vidonnm', '2NDE_3', 2),
('204', 3, 'orsinit', '2NDE_4', 5),
('205', 2, 'couturs', '2NDE_5', 3),
('206', 5, 'sartis', '2NDE_6', 5),
('207', 2, 'kleinf', '2NDE_7', 6),
('208', 7, 'picardm', '2NDE_8', 2),
('209', 5, 'charmoc', '2NDE_9', 3),
('210', 3, 'balests', '2NDE_10', 1),
('211', 4, 'andriex', '2NDE_11', 5),
('212', 5, 'roigey', '2NDE_12', 7),
('213', 6, 'preaa', '2NDE_13', NULL),
('DASSAULT', 2, 'picardm', 'Dassault', NULL),
('PROF', NULL, '', 'Personnels', 8),
('TES1', NULL, 'jourdyc', 'Term_ES_1', 1),
('TES2', NULL, 'jourdyc', 'Term_ES_2', NULL),
('TES3', NULL, 'jourdyc', 'Term_ES_3', 3),
('TEST', NULL, 'jourdyc', 'TEST', 1),
('TL1', NULL, 'jourdyc', 'Term_L_1', 3),
('TL2', NULL, 'jourdyc', 'Term_L_2', NULL),
('TS1', NULL, 'jourdyc', 'Term_S_1', 3),
('TS2', NULL, 'jourdyc', 'Term_S_2', NULL),
('TS3', NULL, 'jourdyc', 'Term_S_3', NULL),
('TSTMG1', NULL, 'jourdyc', 'Term_STMG_1', NULL),
('TSTMG2', NULL, 'jourdyc', 'Term_STMG_2', NULL),
('TSTMG3', NULL, 'jourdyc', 'Term_STMG_3', NULL);

-- --------------------------------------------------------

--
-- Structure de la table `COURSES`
--

DROP TABLE IF EXISTS `COURSES`;
CREATE TABLE `COURSES` (
  `NO_COURSE` int(11) NOT NULL,
  `VESTIAIRE` time DEFAULT NULL,
  `REMISE` time DEFAULT NULL,
  `DEPART` time DEFAULT NULL,
  `FIN` time DEFAULT NULL
) ENGINE=InnoDB DEFAULT CHARSET=utf8;

--
-- Déchargement des données de la table `COURSES`
--

INSERT INTO `COURSES` (`NO_COURSE`, `VESTIAIRE`, `REMISE`, `DEPART`, `FIN`) VALUES
(1, '08:00:00', '08:30:00', '08:30:00', '09:30:00'),
(2, '09:00:00', '09:30:00', '09:30:00', '10:30:00'),
(3, '10:00:00', '10:30:00', '10:30:00', '11:30:00'),
(4, '11:00:00', '11:30:00', '11:30:00', '12:30:00'),
(5, '13:00:00', '13:30:00', '13:30:00', '14:30:00'),
(6, '14:00:00', '14:30:00', '14:30:00', '15:30:00'),
(7, '15:00:00', '15:30:00', '15:30:00', '16:30:00');

-- --------------------------------------------------------

--
-- Structure de la table `PARTICIPANTS`
--

DROP TABLE IF EXISTS `PARTICIPANTS`;
CREATE TABLE `PARTICIPANTS` (
  `NO_PARTICIPANT` bigint(4) NOT NULL,
  `ID_CLASSE` varchar(10) NOT NULL,
  `NOM` varchar(128) DEFAULT NULL,
  `PRENOM` varchar(128) DEFAULT NULL,
  `INSCRIT` char(1) DEFAULT NULL,
  `AUTORISATION` char(1) DEFAULT NULL,
  `DROIT_IMAGE` char(1) DEFAULT NULL,
  `DOSSIER` char(32) DEFAULT NULL,
  `DOSSARD` bigint(4) DEFAULT NULL,
  `COULEUR` varchar(15) DEFAULT NULL,
  `KMPARCOURUS` bigint(4) DEFAULT NULL,
  `PROMESSE` double(5,2) DEFAULT NULL,
  `MONTANT` double(5,2) DEFAULT NULL,
  `MTREEL` double(5,2) DEFAULT NULL
) ENGINE=InnoDB DEFAULT CHARSET=utf8;

--
-- Déchargement des données de la table `PARTICIPANTS`
--

INSERT INTO `PARTICIPANTS` (`NO_PARTICIPANT`, `ID_CLASSE`, `NOM`, `PRENOM`, `INSCRIT`, `AUTORISATION`, `DROIT_IMAGE`, `DOSSIER`, `DOSSARD`, `COULEUR`, `KMPARCOURUS`, `PROMESSE`, `MONTANT`, `MTREEL`) VALUES
(1, '﻿1ES1', 'BEGAUDEAU', 'Léane', 'N', NULL, NULL, NULL, NULL, NULL, NULL, NULL, NULL, NULL),
(2, '1ES1', 'BENETEAU', 'Laurie', 'N', NULL, NULL, NULL, NULL, NULL, NULL, NULL, NULL, NULL),
(3, '1ES1', 'BENOIT', 'Marie-Anne', 'N', NULL, NULL, NULL, NULL, NULL, NULL, NULL, NULL, NULL),
(4, '1ES1', 'BLANCHON', 'Sarah', 'V', 'N', 'N', 'N', 76, 'Rouge', 8, 2.00, 16.00, 8.00),
(5, '1ES1', 'BODIN', 'Simon', 'V', 'N', 'N', 'N', 79, 'Rouge', 12, 6.00, 72.00, 78.00),
(6, '1ES1', 'BROUSSE-ARRIVE', 'Anaële', 'V', 'N', 'N', 'N', 110, 'Vert', 8, 6.00, 48.00, 72.00),
(7, '1ES1', 'CAIGNART', 'Lisa', 'V', 'N', 'N', 'N', 122, 'Vert', 8, 7.00, 56.00, NULL),
(8, '1ES1', 'CAILLAUD', 'Simon', 'V', 'N', 'N', 'N', 125, 'Vert', 10, 1.00, 10.00, NULL),
(9, '1ES1', 'CAMARA', 'Papis', 'V', 'N', 'N', 'N', 127, 'Vert', 13, 5.00, 65.00, 52.00),
(10, '1ES1', 'CAPPELLETTO', 'Fiona', 'V', 'N', 'N', 'N', 129, 'Vert', 8, 6.00, 48.00, 48.00),
(11, '1ES1', 'CORNEC', 'Audrey', 'N', NULL, NULL, NULL, NULL, NULL, NULL, NULL, NULL, NULL),
(12, '1ES1', 'COULON', 'Laurane', 'V', 'N', 'N', 'N', 176, 'Vert', 11, 7.00, 77.00, 77.00),
(13, '1ES1', 'DE SOUSA', 'Océane', 'N', NULL, NULL, NULL, NULL, NULL, NULL, NULL, NULL, NULL),
(14, '1ES1', 'DELAGE', 'Quentin', 'N', NULL, NULL, NULL, NULL, NULL, NULL, NULL, NULL, NULL),
(15, '1ES1', 'EPIE', 'Célia', 'N', NULL, NULL, NULL, NULL, NULL, NULL, NULL, NULL, NULL),
(16, '1ES1', 'EVAIN', 'Nicolas', 'N', NULL, NULL, NULL, NULL, NULL, NULL, NULL, NULL, NULL),
(17, '1ES1', 'FABRIGUES', 'Manon', 'V', 'N', 'N', 'N', 259, 'Bleu', 9, 4.00, 36.00, 36.00),
(18, '1ES1', 'FALL', 'Mama Fatou', 'N', NULL, NULL, NULL, NULL, NULL, NULL, NULL, NULL, NULL),
(19, '1ES1', 'FEGAR', 'Thomas', 'V', 'N', 'N', 'N', 262, 'Bleu', 9, 4.00, 36.00, 36.00),
(20, '1ES1', 'FERRARI', 'Sandy', 'N', NULL, NULL, NULL, NULL, NULL, NULL, NULL, NULL, NULL),
(21, '1ES1', 'FINCATO', 'Charlotte', 'V', 'N', 'N', 'N', 268, 'Bleu', 6, 2.00, 12.00, 16.00),
(22, '1ES1', 'FRANCESCHI', 'Louane', 'V', 'N', 'N', 'N', 282, 'Bleu', 10, 8.00, 80.00, 80.00),
(23, '1ES1', 'GALLET', 'Emilie', 'V', 'N', 'N', 'N', 290, 'Bleu', 7, 7.00, 49.00, 49.00),
(24, '1ES1', 'GAUTRON', 'Katélyna', 'N', NULL, NULL, NULL, NULL, NULL, NULL, NULL, NULL, NULL),
(25, '1ES1', 'GUERINAUD', 'Camille', 'N', NULL, NULL, NULL, NULL, NULL, NULL, NULL, NULL, NULL),
(26, '1ES1', 'GUILLON', 'Ludivine', 'V', 'N', 'N', 'N', 339, 'Jaune', 10, 1.00, 10.00, 10.00),
(27, '1ES1', 'HERARD', 'Prescilia', 'V', 'N', 'N', 'N', 347, 'Jaune', 6, 6.00, 36.00, 36.00),
(28, '1ES1', 'HURTAUD', 'Nina', 'V', 'N', 'N', 'N', 360, 'Jaune', 11, 5.00, 55.00, 55.00),
(29, '1ES1', 'JARNAN', 'Maxime', 'V', 'N', 'N', 'N', 366, 'Jaune', 12, 3.00, 36.00, 36.00),
(30, '1ES1', 'JOUBERTON', 'James', 'N', NULL, NULL, NULL, NULL, NULL, NULL, NULL, NULL, NULL),
(31, '1ES1', 'LEMOINE', 'Constance', 'V', 'N', 'N', 'N', 419, 'Blanc', NULL, NULL, NULL, NULL),
(32, '1ES1', 'MARS', 'Kilian', 'N', NULL, NULL, NULL, NULL, NULL, NULL, NULL, NULL, NULL),
(33, '1ES1', 'MARTINEZ', 'Oryanne', 'N', NULL, NULL, NULL, NULL, NULL, NULL, NULL, NULL, NULL),
(34, '1ES1', 'NE', 'Oriane', 'V', 'N', 'N', 'N', 516, 'Rouge', NULL, NULL, NULL, NULL),
(35, '1ES1', 'NEYERS', 'Charles', 'V', 'N', 'N', 'N', 520, 'Rouge', NULL, NULL, NULL, NULL),
(36, '1ES2', 'AGOUTIN', 'Manon', 'O', 'O', 'O', 'O', 3, 'Rouge', 15, 11.00, 165.00, 165.00),
(37, '1ES2', 'AUFORT', 'Morgane', 'O', 'O', 'O', 'O', 22, 'Rouge', 11, 3.00, 33.00, 33.00),
(38, '1ES2', 'BELE', 'Aura-Wane', 'O', 'O', 'O', 'O', 49, 'Rouge', NULL, NULL, NULL, 0.00),
(39, '1ES2', 'BERNARD-BORDES', 'Amélie', 'O', 'O', 'O', 'O', 62, 'Rouge', NULL, NULL, NULL, 0.00),
(40, '1ES2', 'BONNIFAIT', 'Baptiste', 'O', 'O', 'O', 'O', 87, 'Rouge', NULL, NULL, NULL, 0.00),
(41, '1ES2', 'BRUNET', 'Simon', 'O', 'O', 'O', 'O', 116, 'Vert', NULL, NULL, NULL, 0.00),
(42, '1ES2', 'CHAIGNEAU', 'Amaury', 'O', 'O', 'O', 'O', 143, 'Vert', 14, 1.00, 14.00, NULL),
(43, '1ES2', 'CHALARD', 'Nathan', 'O', 'O', 'O', 'O', 146, 'Vert', NULL, NULL, NULL, NULL),
(44, '1ES2', 'CLINCO', 'Enzo', 'O', 'O', 'O', 'O', 164, 'Vert', NULL, NULL, NULL, NULL),
(45, '1ES2', 'DA COSTA', 'Célia', 'O', 'O', 'O', 'O', 185, 'Vert', 14, 6.00, 84.00, 84.00),
(46, '1ES2', 'DANIEL', 'Louise', 'O', 'O', 'O', 'O', 188, 'Vert', NULL, NULL, NULL, NULL),
(47, '1ES2', 'DAUNAS', 'Molly', 'O', 'O', 'O', 'O', 194, 'Vert', NULL, NULL, NULL, NULL),
(48, '1ES2', 'DIENE', 'Abdou Magib', 'O', 'O', 'O', 'O', 229, 'Bleu', NULL, NULL, NULL, NULL),
(49, '1ES2', 'DOUSSINEAU', 'Léana', 'O', 'O', 'O', 'O', 234, 'Bleu', 10, 2.00, 20.00, 20.00),
(50, '1ES2', 'DRILLON', 'Cassandra', 'O', 'O', 'O', 'O', 236, 'Bleu', NULL, NULL, NULL, NULL),
(51, '1ES2', 'DUROZIER', 'Jules', 'O', 'O', 'O', 'O', 248, 'Bleu', 16, 14.00, 224.00, 362.00),
(52, '1ES2', 'GIRAUD', 'Arthur', 'O', 'O', 'O', 'O', 308, 'Jaune', NULL, NULL, NULL, NULL),
(53, '1ES2', 'GRANDON', 'Alexandre', 'O', 'O', 'O', 'O', 317, 'Jaune', NULL, NULL, NULL, NULL),
(54, '1ES2', 'JUIN', 'Charlotte', 'O', 'O', 'O', 'O', 372, 'Jaune', NULL, NULL, NULL, NULL),
(55, '1ES2', 'LHOMME', 'Florianne', 'O', 'O', 'O', 'O', 427, 'Blanc', NULL, NULL, NULL, NULL),
(56, '1ES2', 'MONTARDY', 'Lise', 'O', 'O', 'O', 'O', 503, 'Rouge', NULL, NULL, NULL, NULL),
(57, '1ES2', 'PALLARD', 'Quentin', 'O', 'O', 'O', 'O', 536, 'Rouge', NULL, NULL, NULL, NULL),
(58, '1ES2', 'VALADE', 'Davy', 'O', 'O', 'O', 'O', 668, 'Vert', NULL, NULL, NULL, NULL),
(59, '1ES3', 'AIME', 'Cécile', 'O', 'O', 'O', 'O', 5, 'Rouge', 8, 5.00, 40.00, 66.00),
(60, '1ES3', 'ANDRE', 'Marvyn', 'O', 'O', 'O', 'O', 11, 'Rouge', 11, 1.00, 11.00, 11.00),
(61, '1ES3', 'BATMALLE', 'Juliette', 'O', 'O', 'O', 'O', 40, 'Rouge', 9, 4.00, 36.00, 36.00),
(62, '1ES3', 'BAUDU', 'Valentine', 'O', 'O', 'O', 'O', 44, 'Rouge', 9, 20.00, 180.00, 205.00),
(63, '1ES3', 'BENRABAH', 'Theo', 'V', 'N', 'N', 'N', 55, 'Rouge', NULL, NULL, NULL, NULL),
(64, '1ES3', 'BLANC', 'Cédric', 'O', 'O', 'O', 'O', 74, 'Rouge', 10, 2.00, 20.00, NULL),
(65, '1ES3', 'BOUMAZA', 'Sarah', 'O', 'O', 'O', 'O', 93, 'Rouge', 10, 2.00, 20.00, 20.00),
(66, '1ES3', 'BRETAUD', 'Flavie', 'O', 'O', 'O', 'O', 105, 'Vert', 10, 2.00, 20.00, 20.00),
(67, '1ES3', 'BRETTHAUER', 'Lauryn', 'O', 'O', 'O', 'O', 106, 'Vert', 8, 2.00, 16.00, 16.00),
(68, '1ES3', 'BRIAND', 'Camille', 'O', 'O', 'O', 'O', 107, 'Vert', 11, 9.00, 99.00, 99.00),
(69, '1ES3', 'BRUNET', 'Alice', 'O', 'O', 'O', 'O', 114, 'Vert', 10, 11.00, 110.00, 110.00),
(70, '1ES3', 'CASTILLO', 'Raphaël', 'O', 'O', 'O', 'O', 133, 'Vert', 7, 6.00, 42.00, 42.00),
(71, '1ES3', 'CHASTELLIER', 'Thomas', 'O', 'O', 'O', 'O', 155, 'Vert', 8, 3.00, 24.00, 24.00),
(72, '1ES3', 'DUCRETTET', 'Louise', 'V', 'N', 'N', 'N', 240, 'Bleu', NULL, NULL, NULL, NULL),
(73, '1ES3', 'DUFRENE', 'Rachel', 'O', 'O', 'O', 'O', 241, 'Bleu', 10, 10.00, 100.00, 100.00),
(74, '1ES3', 'DUGUET', 'Jeanne', 'O', 'O', 'O', 'O', 242, 'Bleu', 11, 4.00, 44.00, 44.00),
(75, '1ES3', 'DUSSAILLANT', 'Flavie', 'V', 'N', 'N', 'N', 249, 'Bleu', NULL, NULL, NULL, NULL),
(76, '1ES3', 'GAUDRY', 'Mathilde', 'N', NULL, NULL, NULL, NULL, NULL, NULL, NULL, NULL, NULL),
(77, '1ES3', 'GESSOT', 'Amandine', 'O', 'O', 'O', 'O', 305, 'Jaune', 13, 2.00, 26.00, NULL),
(78, '1ES3', 'HACQUARD', 'Maureen', 'V', 'N', 'N', 'N', 340, 'Jaune', NULL, NULL, NULL, NULL),
(79, '1ES3', 'HUMBLOT', 'Alexis', 'V', 'N', 'N', 'N', 359, 'Jaune', NULL, NULL, NULL, NULL),
(80, '1ES3', 'JARILLON', 'Romane', 'V', 'N', 'N', 'N', 364, 'Jaune', 12, 2.00, 24.00, NULL),
(81, '1ES3', 'LAVERSIN', 'Maëlle', 'O', 'O', 'O', 'O', 398, 'Jaune', 10, 1.00, 10.00, 10.00),
(82, '1ES3', 'LE BOURHIS', 'Théo', 'O', 'O', 'O', 'O', 402, 'Blanc', 10, 2.00, 20.00, 20.00),
(83, '1ES3', 'LEANDRI', 'Justine', 'N', NULL, NULL, NULL, NULL, NULL, NULL, NULL, NULL, NULL),
(84, '1ES3', 'LEROY', 'Lucie', 'O', 'O', 'O', 'O', 423, 'Blanc', 10, 3.00, 30.00, 30.00),
(85, '1ES3', 'LORIENT', 'Louise', 'O', 'O', 'O', 'O', 445, 'Blanc', NULL, NULL, NULL, NULL),
(86, '1ES3', 'METEREAU', 'Axel', 'O', 'O', 'O', 'O', 492, 'Blanc', 11, 1.00, 11.00, 11.00),
(87, '1ES3', 'PICHARD', 'Emma', 'O', 'O', 'O', 'O', 557, 'Rouge', 9, 2.00, 18.00, 24.00),
(88, '1ES3', 'PROUX', 'Ludovic', 'O', 'O', 'O', 'O', 578, 'Rouge', 10, 4.00, 40.00, 40.00),
(89, '1ES3', 'ROBLIN', 'Axelle', 'O', 'O', 'O', 'O', 604, 'Vert', 8, 18.00, 144.00, 144.00),
(90, '1ES3', 'ROUGIER', 'Liza', 'O', 'O', 'O', 'O', 610, 'Vert', NULL, NULL, NULL, NULL),
(91, '1ES3', 'SALARDAINE', 'Clément', 'O', 'O', 'O', 'O', 623, 'Vert', 13, 1.00, 13.00, 13.00),
(92, '1ES3', 'SAPHORE', 'Aurélie', 'O', 'O', 'O', 'O', 624, 'Vert', 11, 27.50, 302.50, NULL),
(93, '1ES3', 'SIRO', 'Johane', 'V', 'N', 'N', 'N', 632, 'Vert', NULL, NULL, NULL, NULL),
(94, '1ES4', 'AUGUIN', 'Léo', 'O', 'O', 'O', 'O', 25, 'Rouge', 15, 16.50, 247.50, NULL),
(95, '1ES4', 'BERTI', 'Matheo', 'N', NULL, NULL, NULL, NULL, NULL, NULL, NULL, NULL, NULL),
(96, '1ES4', 'BEZULIER', 'Tomas', 'O', 'O', 'O', 'O', 67, 'Rouge', NULL, NULL, NULL, 0.00),
(97, '1ES4', 'CERCEAU', 'Sheryl', 'N', NULL, NULL, NULL, NULL, NULL, NULL, NULL, NULL, NULL),
(98, '1ES4', 'DUBOUIL', 'Mathilde', 'N', NULL, NULL, NULL, NULL, NULL, NULL, NULL, NULL, NULL),
(99, '1ES4', 'FLEURIT', 'Alban', 'V', 'N', 'N', 'N', 271, 'Bleu', NULL, NULL, NULL, NULL),
(100, '1ES4', 'LEBRETON', 'Thomas', 'O', 'O', 'O', 'O', 407, 'Blanc', 14, 3.50, 49.00, 47.00),
(101, '1ES4', 'LECOMTE', 'Lucie', 'V', 'N', 'N', 'N', 412, 'Blanc', NULL, NULL, NULL, NULL),
(102, '1ES4', 'LECOMTE', 'Corentin', 'N', '', '', '', NULL, NULL, NULL, NULL, NULL, NULL),
(103, '1ES4', 'LECONTE', 'Margaux', 'O', 'O', 'O', 'N', 413, 'Blanc', 8, 16.00, 128.00, 16.00),
(104, '1ES4', 'LLOPEZ', 'Florian', 'O', 'O', 'O', 'O', 435, 'Blanc', 8, 16.00, 128.00, 16.00),
(105, '1ES4', 'PAPILLON-LAMY', 'Bastien', 'N', NULL, NULL, NULL, NULL, NULL, NULL, NULL, NULL, NULL),
(106, '1ES4', 'POLLET', 'Axel', 'N', '', '', '', NULL, NULL, NULL, NULL, NULL, NULL),
(107, '1ES4', 'POUZEAU', 'Maéva', 'O', 'O', 'O', 'O', 572, 'Rouge', 11, 11.00, 121.00, 110.00),
(108, '1ES4', 'PRUGNAUD', 'Thomas', 'O', 'O', 'O', 'O', 580, 'Rouge', 10, 0.50, 5.00, 10.00),
(109, '1ES4', 'PUBERT', 'Nawel', 'O', 'O', 'O', 'O', 581, 'Rouge', 11, 1.00, 11.00, 11.00),
(110, '1ES4', 'ROZIER', 'Emma', 'N', NULL, NULL, NULL, NULL, NULL, NULL, NULL, NULL, NULL),
(111, '1ES4', 'SAILLY', 'Antonin', 'N', '', '', '', NULL, NULL, NULL, NULL, NULL, NULL),
(112, '1ES4', 'SUIRE', 'Hugo', 'N', '', '', '', NULL, NULL, NULL, NULL, NULL, NULL),
(113, '1ES4', 'THIBAL', 'Marina', 'N', NULL, NULL, NULL, NULL, NULL, NULL, NULL, NULL, NULL),
(114, '1ES4', 'THOMAS', 'Guillaume', 'O', 'O', 'O', 'O', 653, 'Vert', 9, 1.00, 9.00, 9.00),
(115, '1ES4', 'VANOT', 'Blandine', 'O', 'O', 'O', 'O', 672, 'Vert', 11, 2.00, 22.00, 22.00),
(116, '1L1', 'AUBERT', 'Laura', 'V', 'N', 'N', 'N', 21, 'Rouge', NULL, NULL, NULL, NULL),
(117, '1L1', 'BEZIN', 'Caroline', 'N', NULL, NULL, NULL, NULL, NULL, NULL, NULL, NULL, NULL),
(118, '1L1', 'BOET', 'Lucas', 'O', 'O', 'O', 'O', 80, 'Rouge', 17, 5.00, 85.00, 102.00),
(119, '1L1', 'BONIS--BOUCHET', 'Marine', 'O', 'O', 'O', 'O', 86, 'Rouge', 8, 3.00, 24.00, 24.00),
(120, '1L1', 'BOURGOUIN', 'Louane', 'O', 'O', 'O', 'O', 94, 'Rouge', NULL, NULL, NULL, NULL),
(121, '1L1', 'BOURMAUD', 'Téhiva', 'N', NULL, NULL, NULL, NULL, NULL, NULL, NULL, NULL, NULL),
(122, '1L1', 'BOUYER', 'Tom', 'O', 'O', 'O', 'O', 99, 'Rouge', 10, 2.00, 20.00, 20.00),
(123, '1L1', 'BURNET', 'Eliott', 'O', 'O', 'O', 'O', 118, 'Vert', 10, 5.00, 50.00, 30.00),
(124, '1L1', 'BUSCADA', 'Alison', 'V', 'N', 'N', 'N', 119, 'Vert', NULL, NULL, NULL, NULL),
(125, '1L1', 'CHIAPELLO', 'Océanide', 'N', NULL, NULL, NULL, NULL, NULL, NULL, NULL, NULL, NULL),
(126, '1L1', 'CHOCAT', 'Chloé', 'O', 'O', 'O', 'O', 159, 'Vert', 11, 3.00, 33.00, 36.50),
(127, '1L1', 'CLERC--EGROT', 'Paul-Henri', 'N', NULL, NULL, NULL, NULL, NULL, NULL, NULL, NULL, NULL),
(128, '1L1', 'DARDANT', 'Thibault', 'O', 'O', 'O', 'O', 190, 'Vert', 11, 2.00, 22.00, 22.00),
(129, '1L1', 'ESQUINA', 'Mathilde', 'O', 'O', 'O', 'O', 257, 'Bleu', 6, 1.00, 6.00, 6.00),
(130, '1L1', 'GENTILHOMME', 'Manon', 'V', 'N', 'N', 'N', 302, 'Jaune', NULL, NULL, NULL, NULL),
(131, '1L1', 'GUINDON', 'Eva', 'N', NULL, NULL, NULL, NULL, NULL, NULL, NULL, NULL, NULL),
(132, '1L1', 'HEYDT', 'Tony', 'O', 'O', 'O', 'O', 352, 'Jaune', 12, 1.00, 12.00, 12.00),
(133, '1L1', 'HUBERT', 'Léna', 'N', NULL, NULL, NULL, NULL, NULL, NULL, NULL, NULL, NULL),
(134, '1L1', 'HUBERT-BAILLY', 'Nina', 'O', 'O', 'O', 'O', 358, 'Jaune', 10, 2.00, 20.00, 20.00),
(135, '1L1', 'LEONARD', 'Kim', 'O', 'O', 'O', 'O', 421, 'Blanc', 11, 2.00, 22.00, 22.00),
(136, '1L1', 'LOUBET', 'Antoine', 'O', 'O', 'O', 'O', 446, 'Blanc', 14, 7.00, 98.00, 98.00),
(137, '1L1', 'MAGHNI', 'Amira', 'N', NULL, NULL, NULL, NULL, NULL, NULL, NULL, NULL, NULL),
(138, '1L1', 'MARECHAL', 'Steven', 'O', 'O', 'O', 'O', 465, 'Blanc', 11, 2.00, 22.00, 22.00),
(139, '1L1', 'PREVAUD', 'Julie', 'N', NULL, NULL, NULL, NULL, NULL, NULL, NULL, NULL, NULL),
(140, '1L1', 'RAYMOND', 'Adélaïde', 'N', NULL, NULL, NULL, NULL, NULL, NULL, NULL, NULL, NULL),
(141, '1L1', 'ROUQUETTE', 'Jules', 'O', 'O', 'O', 'O', 611, 'Vert', 10, 27.00, 270.00, 250.00),
(142, '1L1', 'SOMMIER', 'Anouck', 'N', NULL, NULL, NULL, NULL, NULL, NULL, NULL, NULL, NULL),
(143, '1L1', 'TANGUY', 'Jarod', 'N', NULL, NULL, NULL, NULL, NULL, NULL, NULL, NULL, NULL),
(144, '1L1', 'TASSET', 'Emma', 'N', NULL, NULL, NULL, NULL, NULL, NULL, NULL, NULL, NULL),
(145, '1L1', 'TOMPOLSKI', 'Kathleen', 'O', 'O', 'O', 'O', 657, 'Vert', 9, 2.00, 18.00, 18.00),
(146, '1L1', 'TRAVAUX', 'Chloé', 'N', NULL, NULL, NULL, NULL, NULL, NULL, NULL, NULL, NULL),
(147, '1L1', 'VALLOT', 'Laura', 'O', 'O', 'O', 'O', 670, 'Vert', 8, 1.50, 12.00, 12.00),
(148, '1L1', 'VIVIER', 'Fabien', 'N', NULL, NULL, NULL, NULL, NULL, NULL, NULL, NULL, NULL),
(149, '1L2', 'AGRISSAIS', 'Aurore', 'O', 'O', 'O', 'O', 4, 'Rouge', 13, 3.00, 39.00, 39.00),
(150, '1L2', 'AMELINEAU', 'Mégane', 'V', 'N', 'N', 'N', 9, 'Rouge', NULL, NULL, NULL, NULL),
(151, '1L2', 'BELNARD', 'Marine', 'O', 'O', 'O', 'O', 51, 'Rouge', NULL, NULL, NULL, 0.00),
(152, '1L2', 'BIZET', 'Laurène', 'N', NULL, NULL, NULL, NULL, NULL, NULL, NULL, NULL, NULL),
(153, '1L2', 'BOUCHET', 'Johana', 'N', NULL, NULL, NULL, NULL, NULL, NULL, NULL, NULL, NULL),
(154, '1L2', 'BYROTHEAU-ELKAÏM', 'Noah', 'O', 'O', 'O', 'O', 120, 'Vert', 12, 0.50, 6.00, 5.00),
(155, '1L2', 'CANOVA', 'Graziella', 'O', 'O', 'O', 'O', 128, 'Vert', 6, 2.50, 15.00, 15.00),
(156, '1L2', 'CHOPIN', 'Camille', 'N', NULL, NULL, NULL, NULL, NULL, NULL, NULL, NULL, NULL),
(157, '1L2', 'COTTIN', 'Océane', 'N', NULL, NULL, NULL, NULL, NULL, NULL, NULL, NULL, NULL),
(158, '1L2', 'DE LAPARRE DE ST SERNIN', 'Hélène', 'N', NULL, NULL, NULL, NULL, NULL, NULL, NULL, NULL, NULL),
(159, '1L2', 'DIDAS', 'Leila', 'O', 'O', 'O', 'O', 228, 'Bleu', NULL, NULL, NULL, 20.00),
(160, '1L2', 'DIJOUX', 'Lauryn', 'N', NULL, NULL, NULL, NULL, NULL, NULL, NULL, NULL, NULL),
(161, '1L2', 'FERET', 'Loraine', 'O', 'O', 'O', 'O', 265, 'Bleu', 13, 2.00, 26.00, 17.00),
(162, '1L2', 'FOUCAUD', 'Marie', 'O', 'O', 'O', 'O', 279, 'Bleu', 6, 2.00, 12.00, 12.00),
(163, '1L2', 'GELLEE', 'Clara', 'N', NULL, NULL, NULL, NULL, NULL, NULL, NULL, NULL, NULL),
(164, '1L2', 'GRASSET', 'Pablo', 'N', NULL, NULL, NULL, NULL, NULL, NULL, NULL, NULL, NULL),
(165, '1L2', 'GUILLET', 'Ambre', 'N', NULL, NULL, NULL, NULL, NULL, NULL, NULL, NULL, NULL),
(166, '1L2', 'HELLEC', 'Mayanna', 'N', NULL, NULL, NULL, NULL, NULL, NULL, NULL, NULL, NULL),
(167, '1L2', 'HOBBE', 'Joseph', 'O', 'O', 'O', 'O', 355, 'Jaune', 13, 4.00, 52.00, 30.00),
(168, '1L2', 'HOUSSOU', 'Meryl', 'N', NULL, NULL, NULL, NULL, NULL, NULL, NULL, NULL, NULL),
(169, '1L2', 'LUCAS', 'Juliette', 'V', 'N', 'N', 'N', 450, 'Blanc', NULL, NULL, NULL, NULL),
(170, '1L2', 'MARCILLAC', 'Killian', 'N', NULL, NULL, NULL, NULL, NULL, NULL, NULL, NULL, NULL),
(171, '1L2', 'MERCIER', 'Hélène', 'O', 'O', 'O', 'O', 487, 'Blanc', 8, 3.00, 24.00, 24.00),
(172, '1L2', 'MIAUD', 'Britney', 'N', NULL, NULL, NULL, NULL, NULL, NULL, NULL, NULL, NULL),
(173, '1L2', 'MICHAUD', 'Louis', 'N', NULL, NULL, NULL, NULL, NULL, NULL, NULL, NULL, NULL),
(174, '1L2', 'MONNERAYE', 'Manon', 'N', NULL, NULL, NULL, NULL, NULL, NULL, NULL, NULL, NULL),
(175, '1L2', 'MORALES', 'Aurélien', 'N', NULL, NULL, NULL, NULL, NULL, NULL, NULL, NULL, NULL),
(176, '1L2', 'MORETTI', 'Laura', 'N', NULL, NULL, NULL, NULL, NULL, NULL, NULL, NULL, NULL),
(177, '1L2', 'NEAU', 'Grégoire', 'N', NULL, NULL, NULL, NULL, NULL, NULL, NULL, NULL, NULL),
(178, '1L2', 'PESLHERBE', 'Mélanie', 'N', NULL, NULL, NULL, NULL, NULL, NULL, NULL, NULL, NULL),
(179, '1L2', 'POQUET', 'Charlotte', 'N', NULL, NULL, NULL, NULL, NULL, NULL, NULL, NULL, NULL),
(180, '1L2', 'RAVEAU', 'Chloé', 'N', NULL, NULL, NULL, NULL, NULL, NULL, NULL, NULL, NULL),
(181, '1L2', 'SANCHEZ', 'Suzanna', 'N', NULL, NULL, NULL, NULL, NULL, NULL, NULL, NULL, NULL),
(182, '1L2', 'SILVA', 'Veronica', 'N', NULL, NULL, NULL, NULL, NULL, NULL, NULL, NULL, NULL),
(183, '1L2', 'TABOYER', 'Lucie', 'N', NULL, NULL, NULL, NULL, NULL, NULL, NULL, NULL, NULL),
(184, '1L2', 'TARRADE', 'Jeanne', 'O', 'O', 'O', 'O', 646, 'Vert', 6, 5.00, 30.00, 18.00),
(185, '1L2', 'TARTARIN', 'Aure', 'N', NULL, NULL, NULL, NULL, NULL, NULL, NULL, NULL, NULL),
(186, '1S1', 'BAUDIN', 'Baptiste', 'O', 'O', 'O', 'O', 42, 'Rouge', 12, 7.00, 84.00, 198.00),
(187, '1S1', 'BELTRAN', 'Margot', 'N', NULL, NULL, NULL, NULL, NULL, NULL, NULL, NULL, NULL),
(188, '1S1', 'BILLOT', 'Victor', 'N', NULL, NULL, NULL, NULL, NULL, NULL, NULL, NULL, NULL),
(189, '1S1', 'BONTEMPS', 'Axel', 'N', NULL, NULL, NULL, NULL, NULL, NULL, NULL, NULL, NULL),
(190, '1S1', 'BORGHI', 'Mathis', 'O', 'O', 'O', 'O', 89, 'Rouge', 11, 1.00, 11.00, 11.00),
(191, '1S1', 'BOUTRY', 'Florian', 'O', 'O', 'O', 'O', 96, 'Rouge', NULL, NULL, NULL, NULL),
(192, '1S1', 'CHADDI', 'Maxime', 'O', 'O', 'O', 'O', 141, 'Vert', 14, 5.70, 79.80, 79.80),
(193, '1S1', 'CORNUT', 'Mahé', 'O', 'O', 'O', 'O', 172, 'Vert', 14, 5.00, 70.00, 70.00),
(194, '1S1', 'DALET', 'Maureen', 'O', 'O', 'O', 'O', 186, 'Vert', 14, 5.00, 70.00, 70.00),
(195, '1S1', 'DELOULAY', 'Pauline', 'N', NULL, NULL, NULL, NULL, NULL, NULL, NULL, NULL, NULL),
(196, '1S1', 'DESTHOMAS', 'Julien', 'N', NULL, NULL, NULL, NULL, NULL, NULL, NULL, NULL, NULL),
(197, '1S1', 'DINTZER', 'Kelyan', 'N', NULL, NULL, NULL, NULL, NULL, NULL, NULL, NULL, NULL),
(198, '1S1', 'DROUX', 'Soren', 'N', NULL, NULL, NULL, NULL, NULL, NULL, NULL, NULL, NULL),
(199, '1S1', 'FOUCAULT', 'Solenne', 'O', 'O', 'O', 'O', 280, 'Bleu', 10, 4.00, 40.00, 40.00),
(200, '1S1', 'GATINEAU', 'Zoé', 'O', 'O', 'O', 'O', 296, 'Bleu', 9, 8.00, 72.00, 76.50),
(201, '1S1', 'GAUTHEY', 'Morgane', 'O', 'O', 'O', 'O', 298, 'Bleu', 10, 4.00, 40.00, 40.00),
(202, '1S1', 'GRATRAUD', 'Pauline', 'O', 'O', 'O', 'O', 318, 'Jaune', 12, 3.00, 36.00, 36.00),
(203, '1S1', 'GUENON', 'Adam', 'O', 'O', 'O', 'O', 328, 'Jaune', 11, 2.00, 22.00, 22.00),
(204, '1S1', 'HARCAUT', 'Marlène', 'N', NULL, NULL, NULL, NULL, NULL, NULL, NULL, NULL, NULL),
(205, '1S1', 'HILLION', 'Thomas', 'O', 'O', 'O', 'O', 353, 'Jaune', 10, 2.00, 20.00, 20.00),
(206, '1S1', 'HINTZY', 'Evan', 'O', 'O', 'O', 'O', 354, 'Jaune', 9, 1.00, 9.00, 9.00),
(207, '1S1', 'ITEY', 'Axel', 'O', 'O', 'O', 'O', 361, 'Jaune', NULL, NULL, NULL, NULL),
(208, '1S1', 'JEANNIN', 'Fanny', 'N', NULL, NULL, NULL, NULL, NULL, NULL, NULL, NULL, NULL),
(209, '1S1', 'LAJOUANNIQUE', 'Erwan', 'N', NULL, NULL, NULL, NULL, NULL, NULL, NULL, NULL, NULL),
(210, '1S1', 'LEFRANÇOIS', 'Dorlane', 'O', 'O', 'O', 'O', 415, 'Blanc', 7, 4.00, 28.00, 28.00),
(211, '1S1', 'LENERT', 'Camille', 'N', NULL, NULL, NULL, NULL, NULL, NULL, NULL, NULL, NULL),
(212, '1S1', 'LONGUET', 'Léa', 'O', 'O', 'O', 'O', 442, 'Blanc', 14, 12.00, 168.00, 184.00),
(213, '1S1', 'LUZEAUX', 'Benoit', 'N', NULL, NULL, NULL, NULL, NULL, NULL, NULL, NULL, NULL),
(214, '1S1', 'MOURÉ', 'Axel', 'O', 'O', 'O', 'O', 512, 'Rouge', 11, 2.00, 22.00, 11.00),
(215, '1S1', 'NOUREAU', 'Teri', 'N', NULL, NULL, NULL, NULL, NULL, NULL, NULL, NULL, NULL),
(216, '1S1', 'PLUMMER', 'Killian', 'N', NULL, NULL, NULL, NULL, NULL, NULL, NULL, NULL, NULL),
(217, '1S1', 'POUPEAU', 'Magalie', 'N', NULL, NULL, NULL, NULL, NULL, NULL, NULL, NULL, NULL),
(218, '1S1', 'ROLLAND', 'Celian', 'N', NULL, NULL, NULL, NULL, NULL, NULL, NULL, NULL, NULL),
(219, '1S1', 'TARDY', 'Willy', 'N', NULL, NULL, NULL, NULL, NULL, NULL, NULL, NULL, NULL),
(220, '1S1', 'THAUMIAUD', 'Lea', 'N', NULL, NULL, NULL, NULL, NULL, NULL, NULL, NULL, NULL),
(221, '1S2', 'ADAM', 'Lauryn', 'O', 'O', 'O', 'O', 1, 'Rouge', NULL, NULL, NULL, NULL),
(222, '1S2', 'ARI', 'Zeynep', 'O', 'O', 'O', 'O', 18, 'Rouge', 7, 8.00, 56.00, 57.00),
(223, '1S2', 'BERNARD', 'Justine', 'O', 'O', 'O', 'O', 60, 'Rouge', NULL, NULL, NULL, 7.00),
(224, '1S2', 'BOVO', 'Evana', 'O', 'O', 'O', 'O', 100, 'Rouge', 6, 2.00, 12.00, 12.00),
(225, '1S2', 'BROCHARD', 'Clément', 'O', 'O', 'O', 'O', 109, 'Vert', 14, 1.00, 14.00, 14.00),
(226, '1S2', 'CAIGNART', 'Simon', 'V', 'N', 'N', 'N', 123, 'Vert', NULL, NULL, NULL, NULL),
(227, '1S2', 'CAVEROT', 'Dominique', 'O', 'O', 'O', 'O', 139, 'Vert', NULL, NULL, NULL, NULL),
(228, '1S2', 'COQUERON', 'Solal', 'O', 'O', 'O', 'O', 170, 'Vert', 10, 30.00, 300.00, 310.00),
(229, '1S2', 'DAVID - LEFEBVRE', 'Guillaume', 'V', 'N', 'N', 'N', 197, 'Vert', NULL, NULL, NULL, NULL),
(230, '1S2', 'DEL FRANCO', 'Laura', 'V', 'N', 'N', 'N', 208, 'Bleu', NULL, NULL, NULL, NULL),
(231, '1S2', 'GOURSEAU', 'Tom', 'O', 'O', 'O', 'O', 315, 'Jaune', 14, 2.00, 28.00, 7.00),
(232, '1S2', 'GROSSELIN', 'Agathe', 'O', 'O', 'O', 'O', 326, 'Jaune', 8, 3.00, 24.00, 24.00),
(233, '1S2', 'HERVOUET', 'Gabriel', 'O', 'O', 'O', 'O', 351, 'Jaune', NULL, NULL, NULL, NULL),
(234, '1S2', 'JUIN', 'Simon', 'O', 'O', 'O', 'O', 373, 'Jaune', 11, 2.00, 22.00, 22.00),
(235, '1S2', 'KASZLUK', 'Marie', 'O', 'O', 'O', 'O', 375, 'Jaune', 15, 1.00, 15.00, 15.00),
(236, '1S2', 'KAYA', 'Miné', 'O', 'O', 'O', 'O', 376, 'Jaune', 11, 3.00, 33.00, 33.00),
(237, '1S2', 'LACROIX', 'Lilian', 'O', 'O', 'O', 'O', 382, 'Jaune', 14, 0.10, 1.40, NULL),
(238, '1S2', 'LELIEVRE', 'Sarah', 'O', 'O', 'O', 'O', 416, 'Blanc', 9, 2.00, 18.00, 19.00),
(239, '1S2', 'MARCHEBOUT', 'Daniel', 'V', 'N', 'N', 'N', 463, 'Blanc', NULL, NULL, NULL, NULL),
(240, '1S2', 'MARECHAL', 'Hugo', 'V', 'N', 'N', 'N', 464, 'Blanc', NULL, NULL, NULL, NULL),
(241, '1S2', 'MARTINAUD', 'Valentin', 'O', 'O', 'O', 'O', 470, 'Blanc', 10, 2.00, 20.00, 18.00),
(242, '1S2', 'MEBARKI', 'Victor', 'O', 'O', 'O', 'O', 483, 'Blanc', 9, 1.00, 9.00, 9.00),
(243, '1S2', 'MERCIER', 'Julien', 'O', 'O', 'O', 'O', 488, 'Blanc', 8, 1.00, 8.00, NULL),
(244, '1S2', 'MOINIER', 'Benjamin', 'V', 'N', 'N', 'N', 499, 'Blanc', NULL, NULL, NULL, NULL),
(245, '1S2', 'MOREAU', 'Julien', 'O', 'O', 'O', 'O', 506, 'Rouge', 14, 1.00, 14.00, NULL),
(246, '1S2', 'MOREAU', 'Mandy', 'O', 'O', 'O', 'O', 507, 'Rouge', 10, 2.00, 20.00, 10.00),
(247, '1S2', 'MOUILLERON', 'Léandre', 'O', 'O', 'O', 'O', 511, 'Rouge', 12, 2.00, 24.00, 24.00),
(248, '1S2', 'NEAULME', 'Florence', 'V', 'N', 'N', 'N', 518, 'Rouge', NULL, NULL, NULL, NULL),
(249, '1S2', 'QUINTARD', 'Alex', 'V', 'N', 'N', 'N', 587, 'Rouge', NULL, NULL, NULL, NULL),
(250, '1S2', 'RIPOUTOT', 'Tom', 'O', 'O', 'O', 'O', 599, 'Rouge', 10, 3.00, 30.00, 30.00),
(251, '1S2', 'ROUCH', 'Florian', 'V', 'N', 'N', 'N', 607, 'Vert', NULL, NULL, NULL, NULL),
(252, '1S2', 'TEILLAGORRY', 'Emrik', 'O', 'O', 'O', 'O', 647, 'Vert', 14, 1.00, 14.00, 14.00),
(253, '1S3', 'AVRILLEAU', 'Thibaut', 'O', 'O', 'O', 'O', 29, 'Rouge', 13, 3.50, 45.50, 46.00),
(254, '1S3', 'BETHENCOURT', 'Joséphine', 'N', NULL, NULL, NULL, NULL, NULL, NULL, NULL, NULL, NULL),
(255, '1S3', 'BRIVADY', 'Gregory', 'N', NULL, NULL, NULL, NULL, NULL, NULL, NULL, NULL, NULL),
(256, '1S3', 'CAILLAUD', 'Rose', 'N', NULL, NULL, NULL, NULL, NULL, NULL, NULL, NULL, NULL),
(257, '1S3', 'CASCARINO', 'Amandine', 'O', 'O', 'O', 'O', 131, 'Vert', 10, 7.00, 70.00, 70.00),
(258, '1S3', 'CHAMFRAULT', 'Juliette', 'V', 'N', 'N', 'N', 147, 'Vert', NULL, NULL, NULL, NULL),
(259, '1S3', 'CORREGE', 'Anthony', 'N', NULL, NULL, NULL, NULL, NULL, NULL, NULL, NULL, NULL),
(260, '1S3', 'CREPIEUX', 'Maxime', 'N', NULL, NULL, NULL, NULL, NULL, NULL, NULL, NULL, NULL),
(261, '1S3', 'CROIZE-SANZEE', 'Tiphaine', 'O', 'O', 'O', 'O', 182, 'Vert', 11, 5.70, 62.70, 91.40),
(262, '1S3', 'DAGORN', 'Carole-Anne', 'N', NULL, NULL, NULL, NULL, NULL, NULL, NULL, NULL, NULL),
(263, '1S3', 'DELUC', 'Thomas', 'O', 'O', 'O', 'O', 215, 'Bleu', 9, 4.00, 36.00, 36.00),
(264, '1S3', 'DROUART', 'Alix', 'O', 'O', 'O', 'O', 237, 'Bleu', 11, 0.50, 5.50, 5.50),
(265, '1S3', 'FORGIT', 'Albert', 'O', 'O', 'O', 'O', 276, 'Bleu', 13, 4.80, 62.40, 62.40),
(266, '1S3', 'GIRAUD', 'Marie', 'N', NULL, NULL, NULL, NULL, NULL, NULL, NULL, NULL, NULL),
(267, '1S3', 'GOMEZ-DELEMONT', 'Tchan', 'V', 'N', 'N', 'N', 312, 'Jaune', NULL, NULL, NULL, NULL),
(268, '1S3', 'JEANNEAU', 'Kassandra', 'O', 'O', 'O', 'O', 368, 'Jaune', 10, 4.50, 45.00, 45.00),
(269, '1S3', 'LAMOTTE', 'Hugo', 'O', 'O', 'O', 'O', 389, 'Jaune', 14, 21.10, 295.40, 295.40),
(270, '1S3', 'LANCEREAU', 'Jérémy', 'O', 'O', 'O', 'O', 391, 'Jaune', 14, 2.00, 28.00, 28.00),
(271, '1S3', 'LIORET', 'Lucie', 'O', 'O', 'O', 'O', 433, 'Blanc', 11, 4.00, 44.00, 44.00),
(272, '1S3', 'MAINGOT', 'Alexis', 'V', 'N', 'N', 'N', 455, 'Blanc', NULL, NULL, NULL, NULL),
(273, '1S3', 'MAUDET', 'Titiane', 'O', 'O', 'O', 'O', 479, 'Blanc', 10, 13.00, 130.00, 130.00),
(274, '1S3', 'NGUYEN-JACQUET', 'Dang-Khoi Kenny', 'O', 'O', 'O', 'O', 521, 'Rouge', 13, 5.00, 65.00, 45.50),
(275, '1S3', 'NOGUES', 'Lukhas', 'N', NULL, NULL, NULL, NULL, NULL, NULL, NULL, NULL, NULL),
(276, '1S3', 'PICARD', 'Marielle', 'O', 'O', 'O', 'O', 556, 'Rouge', 13, 5.00, 65.00, 72.00),
(277, '1S3', 'RABAUD', 'Alexia', 'O', 'O', 'O', 'O', 589, 'Rouge', 11, 17.00, 187.00, 187.00),
(278, '1S3', 'RAGOT-RICHARD', 'Tristan', 'N', NULL, NULL, NULL, NULL, NULL, NULL, NULL, NULL, NULL),
(279, '1S3', 'REFAIT', 'Emeric', 'N', NULL, NULL, NULL, NULL, NULL, NULL, NULL, NULL, NULL),
(280, '1S3', 'ROBIN', 'Joséphine', 'O', 'O', 'O', 'O', 602, 'Vert', 7, 1.00, 7.00, 7.00),
(281, '1S3', 'ROUFFET', 'Léo', 'O', 'O', 'O', 'O', 609, 'Vert', NULL, NULL, NULL, NULL),
(282, '1S3', 'ROUX', 'Anaëlle', 'N', NULL, NULL, NULL, NULL, NULL, NULL, NULL, NULL, NULL),
(283, '1S3', 'VALERE', 'Cloé', 'N', NULL, NULL, NULL, NULL, NULL, NULL, NULL, NULL, NULL),
(284, '1S3', 'VIDREQUIN', 'Alice', 'N', NULL, NULL, NULL, NULL, NULL, NULL, NULL, NULL, NULL),
(285, '1S3', 'VINCELET', 'Laura', 'N', NULL, NULL, NULL, NULL, NULL, NULL, NULL, NULL, NULL),
(286, '1S4', 'AURIEL', 'Marion', 'O', 'O', 'O', 'O', 26, 'Rouge', 9, 2.50, 22.50, 22.50),
(287, '1S4', 'BILLEAU', 'Katia', 'V', 'N', 'N', 'N', 71, 'Rouge', NULL, NULL, NULL, NULL),
(288, '1S4', 'BONNOUVRIER', 'Célia', 'O', 'O', 'O', 'O', 88, 'Rouge', NULL, NULL, NULL, NULL),
(289, '1S4', 'BOULARD', 'Mathilde', 'O', 'O', 'O', 'O', 92, 'Rouge', 10, 11.50, 115.00, 110.00),
(290, '1S4', 'BRACHET', 'Samuel', 'O', 'O', 'O', 'O', 101, 'Vert', 12, 3.00, 36.00, 36.00),
(291, '1S4', 'BRUNELLE', 'Allan', 'O', 'O', 'O', 'O', 112, 'Vert', 14, 2.00, 28.00, 34.00),
(292, '1S4', 'CAURANT', 'Emma', 'O', 'O', 'O', 'O', 138, 'Vert', 12, 12.50, 150.00, 150.00),
(293, '1S4', 'CHARLET', 'Alexis', 'N', NULL, NULL, NULL, NULL, NULL, NULL, NULL, NULL, NULL),
(294, '1S4', 'CHEVRÉ', 'Solenne', 'O', 'O', 'O', 'O', 158, 'Vert', 9, 8.00, 72.00, 72.00),
(295, '1S4', 'CONDAMINAT', 'Guillaume', 'N', NULL, NULL, NULL, NULL, NULL, NULL, NULL, NULL, NULL),
(296, '1S4', 'CREMONT', 'Léo', 'V', 'N', 'N', 'N', 180, 'Vert', NULL, NULL, NULL, NULL),
(297, '1S4', 'DRAPRON', 'Valentine', 'O', 'O', 'O', 'O', 235, 'Bleu', 12, 3.00, 36.00, NULL),
(298, '1S4', 'GEOFFROY', 'Louise', 'O', 'O', 'O', 'O', 303, 'Jaune', 10, 2.00, 20.00, 20.00),
(299, '1S4', 'GRONDIN', 'Clément', 'V', 'N', 'N', 'N', 325, 'Jaune', 13, 3.00, 39.00, NULL),
(300, '1S4', 'GUET', 'Eva', 'O', 'O', 'O', 'O', 330, 'Jaune', NULL, NULL, NULL, NULL),
(301, '1S4', 'GUIBE', 'Alana', 'O', 'O', 'O', 'O', 332, 'Jaune', 9, 4.00, 36.00, 36.00),
(302, '1S4', 'GUIBLIN', 'Louise', 'V', 'N', 'N', 'N', 334, 'Jaune', NULL, NULL, NULL, NULL),
(303, '1S4', 'HARLAY', 'Lorene', 'V', 'N', 'N', 'N', 343, 'Jaune', NULL, NULL, NULL, NULL),
(304, '1S4', 'ITIER', 'Cléophée', 'O', 'O', 'O', 'O', 362, 'Jaune', 13, 13.00, 169.00, 192.00),
(305, '1S4', 'JEANNIN', 'Camille', 'V', 'N', 'N', 'N', 369, 'Jaune', NULL, NULL, NULL, NULL),
(306, '1S4', 'KAZMUCHA', 'Annah', 'O', 'O', 'O', 'O', 378, 'Jaune', 11, 12.00, 132.00, 110.00),
(307, '1S4', 'LAMY', 'Romain', 'V', 'N', 'N', 'N', 390, 'Jaune', NULL, NULL, NULL, NULL),
(308, '1S4', 'LIBOUBAN', 'Solène', 'O', 'O', 'O', 'O', 428, 'Blanc', 8, 5.00, 40.00, 44.00),
(309, '1S4', 'SAUNIER', 'Titouan', 'O', 'O', 'O', 'O', 625, 'Vert', 13, 3.00, 39.00, 39.00),
(310, '1S5', 'AIRAULT', 'Tom', 'O', 'O', 'O', 'O', 6, 'Rouge', 15, 6.00, 90.00, 105.00),
(311, '1S5', 'BERGER-GARNEREAU', 'Margot', 'O', 'O', 'O', 'O', 57, 'Rouge', 8, 6.00, 48.00, 48.00),
(312, '1S5', 'BIDET', 'Dorian', 'O', 'O', 'O', 'O', 69, 'Rouge', 13, 1.00, 13.00, 13.00),
(313, '1S5', 'DEXANT', 'Louis', 'O', 'O', 'O', 'O', 226, 'Bleu', 10, 11.00, 110.00, 110.00),
(314, '1S5', 'DUMAS', 'Marin', 'O', 'O', 'O', 'O', 244, 'Bleu', 15, 1.00, 15.00, 15.00),
(315, '1S5', 'DUNYACH', 'Aristide', 'O', 'O', 'O', 'O', 245, 'Bleu', 10, 6.00, 60.00, 60.00),
(316, '1S5', 'ESPINASSE', 'Paul', 'O', 'O', 'O', 'O', 256, 'Bleu', 12, 10.00, 120.00, 120.00),
(317, '1S5', 'GOYE', 'Antoine', 'O', 'O', 'O', 'O', 316, 'Jaune', NULL, NULL, NULL, NULL),
(318, '1S5', 'HAMONIC', 'Océane', 'N', NULL, NULL, NULL, NULL, NULL, NULL, NULL, NULL, NULL),
(319, '1S5', 'HUBERT', 'Marie-Laure', 'V', 'N', 'N', 'N', 357, 'Jaune', NULL, NULL, NULL, NULL),
(320, '1S5', 'LECAMP', 'Titouan', 'O', 'O', 'O', 'O', 408, 'Blanc', 13, 4.00, 52.00, 52.00),
(321, '1S5', 'LEROUX', 'Clémence', 'N', NULL, NULL, NULL, NULL, NULL, NULL, NULL, NULL, NULL),
(322, '1S5', 'LEROY', 'Tristan', 'O', 'O', 'O', 'O', 424, 'Blanc', 10, 2.00, 20.00, 20.00),
(323, '1S5', 'LUCAS', 'Titouan', 'N', NULL, NULL, NULL, NULL, NULL, NULL, NULL, NULL, NULL),
(324, '1S5', 'MAZO', 'Youna', 'O', 'O', 'O', 'O', 481, 'Blanc', 10, 6.50, 65.00, 65.00),
(325, '1S5', 'METAYER', 'Camille', 'O', 'O', 'O', 'O', 491, 'Blanc', 10, 2.00, 20.00, 20.00),
(326, '1S5', 'NICOLAS', 'Jules', 'O', 'O', 'O', 'O', 522, 'Rouge', 15, 2.00, 30.00, 30.00),
(327, '1S5', 'PRUDHOMME', 'Solène', 'O', 'O', 'O', 'O', 579, 'Rouge', 8, 5.50, 44.00, 44.00),
(328, '1S5', 'RASAMIMANANA', 'Sarah-Laure', 'O', 'O', 'O', 'O', 590, 'Rouge', 10, 6.00, 60.00, 60.00),
(329, '1S5', 'VERRON', 'Marceline', 'N', NULL, NULL, NULL, NULL, NULL, NULL, NULL, NULL, NULL),
(330, '1S5', 'ZOUEIN', 'Axel-Nathan', 'O', 'O', 'O', 'O', 683, 'Vert', 12, 1.00, 12.00, 12.00),
(331, '1STMG1', 'BENHAFAIED', 'Manon', 'O', 'O', 'O', 'O', 54, 'Rouge', 8, 3.00, 24.00, NULL),
(332, '1STMG1', 'BODAN', 'Lucas', 'O', 'O', 'O', 'O', 78, 'Rouge', NULL, NULL, NULL, NULL),
(333, '1STMG1', 'CAQUEUX', 'Mélaine', 'V', 'N', 'N', 'N', 130, 'Vert', NULL, NULL, NULL, NULL),
(334, '1STMG1', 'CHADDI', 'Victor', 'O', 'O', 'O', 'O', 142, 'Vert', 14, 1.00, 14.00, NULL),
(335, '1STMG1', 'CHOLLET', 'Etienne', 'O', 'O', 'O', 'O', 160, 'Vert', NULL, NULL, NULL, NULL),
(336, '1STMG1', 'DELABBEY', 'Florian', 'O', 'O', 'O', 'O', 209, 'Bleu', NULL, NULL, NULL, NULL),
(337, '1STMG1', 'DERBECQUE', 'Antoine', 'N', NULL, NULL, NULL, NULL, NULL, NULL, NULL, NULL, NULL),
(338, '1STMG1', 'DESQUILBET', 'Amaury', 'V', 'N', 'N', 'N', 224, 'Bleu', NULL, NULL, NULL, NULL),
(339, '1STMG1', 'DEVEZEAUD', 'Kevin', 'V', 'N', 'N', 'N', 225, 'Bleu', NULL, NULL, NULL, NULL),
(340, '1STMG1', 'FLEURET', 'Mathis', 'O', 'O', 'O', 'O', 270, 'Bleu', 7, 4.00, 28.00, 28.00),
(341, '1STMG1', 'GAILLARD', 'Alexandre', 'N', NULL, NULL, NULL, NULL, NULL, NULL, NULL, NULL, NULL),
(342, '1STMG1', 'GALLET DE VIVIE DE REGIE', 'Donia-Zed', 'V', 'N', 'N', 'N', 291, 'Bleu', NULL, NULL, NULL, NULL),
(343, '1STMG1', 'GIRAUD', 'Sarah', 'O', 'O', 'O', 'O', 309, 'Jaune', 8, 4.00, 32.00, 31.00),
(344, '1STMG1', 'GUENE', 'Babacar', 'O', 'O', 'O', 'O', 327, 'Jaune', NULL, NULL, NULL, NULL),
(345, '1STMG1', 'HENAF', 'Rémy', 'O', 'O', 'O', 'O', 346, 'Jaune', NULL, NULL, NULL, NULL),
(346, '1STMG1', 'JACQUES', 'Gwenaëlle', 'O', 'O', 'O', 'O', 363, 'Jaune', 11, 6.00, 66.00, 66.00),
(347, '1STMG1', 'LIENHART', 'Manon', 'O', 'O', 'O', 'N', 430, 'Blanc', 4, 0.50, 2.00, 2.00),
(348, '1STMG1', 'LLOPEZ', 'Bastien', 'O', 'O', 'O', 'N', 434, 'Blanc', NULL, NULL, NULL, NULL),
(349, '1STMG1', 'MAMILLON', 'Gabriel', 'O', 'O', 'O', 'N', 456, 'Blanc', NULL, NULL, NULL, NULL),
(350, '1STMG1', 'MASSET', 'Florine', 'O', 'O', 'O', 'N', 477, 'Blanc', 13, 2.00, 26.00, 26.00),
(351, '1STMG1', 'MECHAIN', 'Dimitri', 'O', 'O', 'O', 'N', 484, 'Blanc', NULL, NULL, NULL, NULL),
(352, '1STMG1', 'MERIEN', 'Mathieu', 'O', 'O', 'O', 'N', 489, 'Blanc', NULL, NULL, NULL, NULL),
(353, '1STMG1', 'MILLIEROUX', 'Scotty', 'O', 'O', 'O', 'N', 496, 'Blanc', NULL, NULL, NULL, NULL),
(354, '1STMG1', 'MONTANARI', 'Mathilde', 'O', 'O', 'O', 'N', 502, 'Rouge', 10, 2.00, 20.00, 20.00),
(355, '1STMG1', 'MORHAIN', 'Bryan', 'O', 'O', 'O', 'N', 508, 'Rouge', 8, 14.00, 112.00, 112.00),
(356, '1STMG1', 'MORIN', 'Maxime', 'N', NULL, NULL, NULL, NULL, NULL, NULL, NULL, NULL, NULL),
(357, '1STMG1', 'NEAU', 'Lisa', 'O', 'O', 'O', 'N', 517, 'Rouge', NULL, NULL, NULL, NULL),
(358, '1STMG1', 'NEVERS', 'Clara', 'O', 'O', 'O', 'N', 519, 'Rouge', 4, 1.00, 4.00, 4.00),
(359, '1STMG1', 'OTULAKOWSKI', 'Mélody', 'O', 'O', 'O', 'N', 530, 'Rouge', NULL, NULL, NULL, NULL),
(360, '1STMG1', 'PENIN-COUSSY', 'Elodie', 'O', 'O', 'O', 'N', 547, 'Rouge', 8, 1.00, 8.00, 8.00),
(361, '1STMG1', 'PHILIPS', 'Léa', 'O', 'O', 'O', NULL, 554, 'Rouge', 24, 3.00, 72.00, 32.00),
(362, '1STMG1', 'SIBILEAU', 'Florina', 'O', 'O', 'O', 'N', 630, 'Vert', 5, 5.00, 25.00, 25.00),
(363, '1STMG2', 'ALMALEH', 'Douaa', 'O', 'O', 'O', '720', 720, NULL, 5, 1.00, 5.00, 5.00),
(364, '1STMG2', 'BARBARIN', 'Alexandre', 'O', 'O', 'O', 'O', 34, 'Rouge', NULL, NULL, NULL, NULL),
(365, '1STMG2', 'BERNARD', 'Melvin', 'N', NULL, NULL, NULL, NULL, NULL, NULL, NULL, NULL, NULL),
(366, '1STMG2', 'BIRFET', 'Anaïs', 'O', 'O', 'O', 'O', 73, 'Rouge', 9, 2.00, 18.00, 18.00),
(367, '1STMG2', 'BLOUDEAU', 'Randy', 'O', 'O', 'O', 'O', 77, 'Rouge', 13, 2.00, 26.00, 26.00),
(368, '1STMG2', 'BOUHLEL', 'Brahim', 'O', 'O', 'O', 'O', 91, 'Rouge', NULL, NULL, NULL, NULL),
(369, '1STMG2', 'BRAUD', 'Teddy', 'O', 'O', 'O', 'O', 103, 'Vert', NULL, NULL, NULL, NULL),
(370, '1STMG2', 'BUREAU', 'Annlise', 'N', NULL, NULL, NULL, NULL, NULL, NULL, NULL, NULL, NULL),
(371, '1STMG2', 'CHARTIER', 'Laura', 'O', 'O', 'O', 'O', 154, 'Vert', NULL, NULL, NULL, NULL),
(372, '1STMG2', 'CHUPEAU', 'Quentin', 'O', 'O', 'O', 'O', 161, 'Vert', NULL, NULL, NULL, NULL),
(373, '1STMG2', 'CLAMARON', 'Thomas', 'O', 'O', 'O', 'O', 163, 'Vert', NULL, NULL, NULL, NULL),
(374, '1STMG2', 'COIFFARD', 'Manon', 'O', 'O', 'O', 'O', 167, 'Vert', 14, 2.00, 28.00, 28.00),
(375, '1STMG2', 'CUVILLIER', 'Enzo', 'O', 'O', 'O', 'O', 184, 'Vert', 12, 21.00, 252.00, NULL),
(376, '1STMG2', 'DANDONNEAU', 'Manon', 'O', 'O', 'O', 'O', 187, 'Vert', NULL, NULL, NULL, NULL),
(377, '1STMG2', 'DAO', 'Thomas', 'V', 'N', 'N', 'N', 189, 'Vert', 10, 10.00, 100.00, NULL),
(378, '1STMG2', 'DAVY DE CUSSE', 'Téo', 'O', 'O', 'O', 'O', 200, 'Vert', 13, 2.00, 26.00, 26.00),
(379, '1STMG2', 'DE SA ARAUJO', 'Noémie', 'N', NULL, NULL, NULL, NULL, NULL, NULL, NULL, NULL, NULL),
(380, '1STMG2', 'DIOP', 'Ndiaga', 'O', 'O', 'O', 'N', 231, 'Bleu', 18, 6.00, 108.00, 102.00),
(381, '1STMG2', 'DUSSAC', 'Jérémy', 'N', NULL, NULL, NULL, NULL, NULL, NULL, NULL, NULL, NULL),
(382, '1STMG2', 'FRANCOIS', 'Tony', 'V', 'N', 'N', 'N', 283, 'Bleu', NULL, NULL, NULL, NULL),
(383, '1STMG2', 'GANDOUIN', 'Florent', 'N', NULL, NULL, NULL, NULL, NULL, NULL, NULL, NULL, NULL),
(384, '1STMG2', 'GERY', 'Maëla', 'N', NULL, NULL, NULL, NULL, NULL, NULL, NULL, NULL, NULL),
(385, '1STMG2', 'LAURENT', 'Lisa', 'O', 'O', 'O', 'O', 396, 'Jaune', NULL, NULL, NULL, NULL),
(386, '1STMG2', 'MASSIAS', 'Remi', 'O', 'O', 'O', 'O', 478, 'Blanc', NULL, NULL, NULL, NULL),
(387, '1STMG2', 'MICHAUD', 'Léo', 'N', NULL, NULL, NULL, NULL, NULL, NULL, NULL, NULL, NULL),
(388, '1STMG2', 'MORISSET', 'Mélodie', 'V', 'N', 'N', 'N', 509, 'Rouge', NULL, NULL, NULL, NULL),
(389, '1STMG2', 'MORNET', 'Louane', 'N', NULL, NULL, NULL, NULL, NULL, NULL, NULL, NULL, NULL),
(390, '1STMG2', 'PINEAU', 'Sidonie', 'N', NULL, NULL, NULL, NULL, NULL, NULL, NULL, NULL, NULL),
(391, '1STMG2', 'PIOU', 'Mattias', 'O', 'O', 'O', 'N', 564, 'Rouge', 11, 3.00, 33.00, NULL),
(392, '1STMG2', 'RIVIERE', 'Isabelle', 'N', NULL, NULL, NULL, NULL, NULL, NULL, NULL, NULL, NULL),
(393, '1STMG2', 'RODRIGUEZ', 'Audrey', 'N', NULL, NULL, NULL, NULL, NULL, NULL, NULL, NULL, NULL),
(394, '1STMG2', 'SICAUD', 'Jade', 'V', 'N', 'N', 'N', 631, 'Vert', NULL, NULL, NULL, NULL),
(395, '1STMG2', 'SMERALDI', 'Pierre', 'O', 'O', 'O', 'O', 633, 'Vert', NULL, NULL, NULL, NULL),
(396, '1STMG2', 'TARHAN', 'Mervé', 'N', NULL, NULL, NULL, NULL, NULL, NULL, NULL, NULL, NULL),
(397, '1STMG2', 'TRIOREAU', 'Maéva', 'O', 'O', 'O', 'N', 664, 'Vert', 12, 6.00, 72.00, NULL),
(398, '1STMG2', 'VARNEY KORNECKI', 'Steven', 'N', NULL, NULL, NULL, NULL, NULL, NULL, NULL, NULL, NULL),
(399, '1STMG3', 'AUGRY', 'Zoé', 'N', NULL, NULL, NULL, NULL, NULL, NULL, NULL, NULL, NULL),
(400, '1STMG3', 'BARGET', 'Kévin', 'O', 'O', 'O', 'O', 37, 'Rouge', 10, 1.00, 10.00, 28.00),
(401, '1STMG3', 'BELAÏD', 'Nassim', 'N', NULL, NULL, NULL, NULL, NULL, NULL, NULL, NULL, NULL),
(402, '1STMG3', 'BENOIT', 'Jérémy', 'N', NULL, NULL, NULL, NULL, NULL, NULL, NULL, NULL, NULL),
(403, '1STMG3', 'BEZULIER', 'Maxime', 'N', NULL, NULL, NULL, NULL, NULL, NULL, NULL, NULL, NULL),
(404, '1STMG3', 'BOUANICH', 'Lylou', 'N', NULL, NULL, NULL, NULL, NULL, NULL, NULL, NULL, NULL),
(405, '1STMG3', 'DARROS', 'Mattéo', 'N', NULL, NULL, NULL, NULL, NULL, NULL, NULL, NULL, NULL),
(406, '1STMG3', 'DUFAURE', 'Amaury', 'N', NULL, NULL, NULL, NULL, NULL, NULL, NULL, NULL, NULL),
(407, '1STMG3', 'ETOURNAUD', 'Nicolas', 'O', 'O', 'O', 'O', 258, 'Bleu', 7, 7.00, 49.00, 49.00),
(408, '1STMG3', 'ETOURNEAU', 'Liza-Marie', 'N', NULL, NULL, NULL, NULL, NULL, NULL, NULL, NULL, NULL),
(409, '1STMG3', 'LEFEVRE', 'Axelle', 'N', NULL, NULL, NULL, NULL, NULL, NULL, NULL, NULL, NULL),
(410, '1STMG3', 'LESNE', 'Adel', 'N', NULL, NULL, NULL, NULL, NULL, NULL, NULL, NULL, NULL),
(411, '1STMG3', 'MACHET', 'Antoine', 'O', 'O', 'O', 'O', 454, 'Blanc', 10, 1.00, 10.00, 10.00),
(412, '1STMG3', 'MEHEU', 'Romain', 'O', 'O', 'O', 'O', 485, 'Blanc', 9, 2.00, 18.00, 18.00),
(413, '1STMG3', 'MERCIER', 'Alana', 'N', NULL, NULL, NULL, NULL, NULL, NULL, NULL, NULL, NULL),
(414, '1STMG3', 'NADEAU', 'Clément', 'O', 'O', 'O', 'O', 515, 'Rouge', 11, 1.50, 16.50, 16.50),
(415, '1STMG3', 'OGIER', 'Elisa', 'N', NULL, NULL, NULL, NULL, NULL, NULL, NULL, NULL, NULL),
(416, '1STMG3', 'PASQUIER', 'Thomas', 'N', NULL, NULL, NULL, NULL, NULL, NULL, NULL, NULL, NULL),
(417, '1STMG3', 'PERRIN', 'Julie-Gaël', 'N', NULL, NULL, NULL, NULL, NULL, NULL, NULL, NULL, NULL),
(418, '1STMG3', 'PHELIPPEAU', 'Emma', 'N', NULL, NULL, NULL, NULL, NULL, NULL, NULL, NULL, NULL),
(419, '1STMG3', 'PLANCHOT', 'Leïla', 'N', NULL, NULL, NULL, NULL, NULL, NULL, NULL, NULL, NULL),
(420, '1STMG3', 'PRUDHOMME', 'Emma', 'N', NULL, NULL, NULL, 701, NULL, 9, 2.00, 18.00, NULL),
(421, '1STMG3', 'ROBIN', 'Sylvain', 'O', 'O', 'O', 'O', 603, 'Vert', 14, 0.50, 7.00, NULL),
(422, '1STMG3', 'ROXO', 'Romain', 'O', 'O', 'O', 'O', 615, 'Vert', 16, 2.00, 32.00, 32.00),
(423, '1STMG3', 'SOBESAC', 'Laura', 'N', NULL, NULL, NULL, NULL, NULL, NULL, NULL, NULL, NULL),
(424, '1STMG3', 'SUTRE', 'Elisa', 'N', NULL, NULL, NULL, NULL, NULL, NULL, NULL, NULL, NULL),
(425, '1STMG3', 'TARHAN', 'Dogan', 'O', 'O', 'O', 'O', 644, 'Vert', 10, 3.50, 35.00, 20.00),
(426, '1STMG3', 'TECHER', 'Léa', 'N', NULL, NULL, NULL, NULL, NULL, NULL, NULL, NULL, NULL),
(427, '1STMG3', 'TEIXEIRA', 'Manuel', 'N', NULL, NULL, NULL, NULL, NULL, NULL, NULL, NULL, NULL),
(428, '1STMG3', 'TEXIER', 'Mégane', 'N', NULL, NULL, NULL, NULL, NULL, NULL, NULL, NULL, NULL),
(429, '1STMG3', 'TRAIN', 'Hugo', 'O', 'O', 'O', 'O', 662, 'Vert', 13, 1.00, 13.00, NULL),
(430, '1STMG3', 'ULISSEWSKI', 'Florent', 'O', 'O', 'O', 'O', 667, 'Vert', 14, 0.50, 7.00, NULL),
(431, '1STMG3', 'YU TE KUN', 'Loic', 'N', NULL, NULL, NULL, NULL, NULL, NULL, NULL, NULL, NULL),
(432, '201', 'BARBE', 'Bryan', 'N', NULL, NULL, NULL, NULL, NULL, NULL, NULL, NULL, NULL),
(433, '201', 'BARDON', 'Louna', 'O', 'O', 'O', 'O', 36, 'Rouge', 9, 4.00, 36.00, 36.00),
(434, '201', 'BEAUCHAUD', 'Léna', 'O', 'O', 'O', 'O', 45, 'Rouge', 11, 5.00, 55.00, NULL),
(435, '201', 'BOYER', 'Clément', 'N', NULL, NULL, NULL, NULL, NULL, NULL, NULL, NULL, NULL),
(436, '201', 'BRUHAT', 'Victoriane', 'O', 'O', 'O', 'O', 111, 'Vert', 8, 6.00, 48.00, NULL),
(437, '201', 'CARDIN', 'Andy', 'N', NULL, NULL, NULL, NULL, NULL, NULL, NULL, NULL, NULL),
(438, '201', 'CHAMPAGNE', 'Camille', 'N', NULL, NULL, NULL, NULL, NULL, NULL, NULL, NULL, NULL),
(439, '201', 'COULOMBEL', 'Tom', 'N', NULL, NULL, NULL, NULL, NULL, NULL, NULL, NULL, NULL),
(440, '201', 'DESILLE', 'Adelaide', 'O', 'O', 'O', 'O', 221, 'Bleu', 9, 8.00, 72.00, 72.00),
(441, '201', 'DORE', 'Liam', 'N', NULL, NULL, NULL, NULL, NULL, NULL, NULL, NULL, NULL),
(442, '201', 'DUVERGER', 'Mathis', 'N', NULL, NULL, NULL, NULL, NULL, NULL, NULL, NULL, NULL),
(443, '201', 'EL BHALLA MORCHID', 'Ismael', 'O', 'O', 'O', 'O', 252, 'Bleu', 10, 1.00, 10.00, 10.00),
(444, '201', 'FENNINGER', 'Nicolas', 'O', 'O', 'O', 'O', 263, 'Bleu', 10, 1.00, 10.00, 20.00),
(445, '201', 'FUZEAU', 'Alexandra', 'O', 'O', 'O', 'O', 286, 'Bleu', 10, 6.00, 60.00, 60.00),
(446, '201', 'GALLO', 'Auguste', 'V', 'N', 'N', 'N', 292, 'Bleu', 10, 6.00, 60.00, NULL),
(447, '201', 'KOZA', 'Dorian', 'N', NULL, NULL, NULL, NULL, NULL, NULL, NULL, NULL, NULL),
(448, '201', 'LAUNAY', 'Anne-Zoé', 'O', 'O', 'O', 'O', 395, 'Jaune', 11, 50.00, 550.00, 550.00),
(449, '201', 'LE BORGNE', 'Malo', 'O', 'O', 'O', 'O', 400, 'Jaune', 11, 5.50, 60.50, 60.50),
(450, '201', 'LOUINEAU', 'Laurine', 'N', NULL, NULL, NULL, NULL, NULL, NULL, NULL, NULL, NULL),
(451, '201', 'MABIALA', 'Dhelat', 'O', 'O', 'O', 'O', 452, 'Blanc', 12, 1.00, 12.00, 12.00),
(452, '201', 'MACHOVA', 'Marie', 'N', NULL, NULL, NULL, NULL, NULL, NULL, NULL, NULL, NULL),
(453, '201', 'MENUT', 'Lola', 'N', NULL, NULL, NULL, NULL, NULL, NULL, NULL, NULL, NULL),
(454, '201', 'MICHAUD', 'Aurélien', 'O', 'O', 'O', 'O', 493, 'Blanc', 12, 1.00, 12.00, 12.00),
(455, '201', 'MOHAMED', 'Laura', 'O', 'O', 'O', 'O', 498, 'Blanc', 10, 2.00, 20.00, 20.00),
(456, '201', 'MOREAU', 'Florian', 'N', NULL, NULL, NULL, NULL, NULL, NULL, NULL, NULL, NULL),
(457, '201', 'MUREAU', 'Marie', 'O', 'O', 'O', 'O', 514, 'Rouge', NULL, NULL, NULL, NULL),
(458, '201', 'NOEL', 'Thomas', 'O', 'O', 'O', 'O', 524, 'Rouge', 13, 8.00, 104.00, 104.00),
(459, '201', 'PORCHÉ', 'Lucynda', 'N', NULL, NULL, NULL, NULL, NULL, NULL, NULL, NULL, NULL),
(460, '201', 'PRIERE', 'Marine', 'N', NULL, NULL, NULL, NULL, NULL, NULL, NULL, NULL, NULL),
(461, '201', 'PRIERE', 'Océane', 'N', NULL, NULL, NULL, NULL, NULL, NULL, NULL, NULL, NULL),
(462, '201', 'THIRIAT', 'Emilie', 'N', NULL, NULL, NULL, NULL, NULL, NULL, NULL, NULL, NULL),
(463, '201', 'THOMAS', 'Eliot', 'O', 'O', 'O', 'O', 652, 'Vert', 12, 4.00, 48.00, 48.00),
(464, '201', 'TOUGET', 'Jeremy', 'O', 'O', 'O', 'O', 659, 'Vert', 13, 2.00, 26.00, NULL),
(465, '201', 'TREBUCHET', 'Rachel', 'N', NULL, NULL, NULL, NULL, NULL, NULL, NULL, NULL, NULL),
(466, '202', 'BAUD', 'Mélissa', 'O', 'O', 'O', 'O', 41, 'Rouge', 12, 6.50, 78.00, 78.00),
(467, '202', 'BECU', 'Coralie', 'V', 'N', 'N', 'N', 46, 'Rouge', NULL, NULL, NULL, NULL),
(468, '202', 'BERTRAND', 'Amélie', 'O', 'O', 'O', 'O', 64, 'Rouge', 11, 4.00, 44.00, 44.00),
(469, '202', 'BERTRAND', 'Catherine', 'O', 'O', 'O', 'O', 66, 'Rouge', NULL, NULL, NULL, NULL),
(470, '202', 'BRARD', 'Calypso', 'O', 'O', 'O', 'O', 102, 'Vert', 12, 0.50, 6.00, NULL),
(471, '202', 'BRECHERE', 'Victoria', 'O', 'O', 'O', 'O', 104, 'Vert', 11, 6.00, 66.00, 66.00),
(472, '202', 'COURTOIS', 'Marie', 'N', NULL, NULL, NULL, NULL, NULL, NULL, NULL, NULL, NULL),
(473, '202', 'DAUNAS', 'Emma', 'V', 'N', 'N', 'N', 192, 'Vert', 7, 7.00, 49.00, 49.00),
(474, '202', 'DE CICCO', 'Eva', 'O', 'O', 'O', 'O', 202, 'Bleu', 7, 4.00, 28.00, 28.00),
(475, '202', 'DE MIL', 'Marjoline', 'O', 'O', 'O', 'O', 204, 'Bleu', 6, 12.00, 72.00, 84.00),
(476, '202', 'DOUAY', 'Loukina', 'N', NULL, NULL, NULL, NULL, NULL, NULL, NULL, NULL, NULL),
(477, '202', 'FEVRE', 'Chloe', 'O', 'O', 'O', 'O', 267, 'Bleu', 7, 8.00, 56.00, 56.00),
(478, '202', 'FOUCHER', 'Morgane', 'O', 'O', 'O', 'O', 281, 'Bleu', 10, 5.00, 50.00, 50.00),
(479, '202', 'GREVET', 'Jeanne', 'O', 'O', 'O', 'O', 320, 'Jaune', 5, 3.00, 15.00, NULL),
(480, '202', 'HARMANT', 'Malorie', 'N', NULL, NULL, NULL, NULL, NULL, NULL, NULL, NULL, NULL),
(481, '202', 'JEROME--GEMAUX', 'Jade', 'O', 'O', 'O', 'O', 370, 'Jaune', NULL, NULL, NULL, NULL),
(482, '202', 'KERNEIS', 'Basile', 'O', 'O', 'O', 'O', 379, 'Jaune', 13, 6.00, 78.00, 80.00),
(483, '202', 'LAMBERET', 'Angéline', 'V', 'N', 'N', 'N', 388, 'Jaune', NULL, NULL, NULL, NULL),
(484, '202', 'LE GUERNIC', 'Anna', 'V', 'N', 'N', 'N', 404, 'Blanc', NULL, NULL, NULL, NULL),
(485, '202', 'LE LAY', 'Mégane', 'O', 'O', 'O', 'O', 405, 'Blanc', 10, 22.00, 220.00, 220.00),
(486, '202', 'MARTIN', 'Eleonore', 'O', 'O', 'O', 'O', 468, 'Blanc', 8, 1.00, 8.00, 83.00),
(487, '202', 'MOUTARD', 'Maya', 'O', 'O', 'O', 'O', 513, 'Rouge', NULL, NULL, NULL, NULL),
(488, '202', 'PARDELINHA', 'Océane', 'O', 'O', 'O', 'O', 539, 'Rouge', 10, 7.00, 70.00, NULL),
(489, '202', 'PLAINEAU', 'Emilie', 'O', 'O', 'O', 'O', 566, 'Rouge', 6, 4.00, 24.00, NULL),
(490, '202', 'PUJOL', 'Florine', 'O', 'O', 'O', 'O', 582, 'Rouge', 11, 10.00, 110.00, 106.00),
(491, '202', 'QUOINCHON', 'Lisa', 'O', 'O', 'O', 'O', 588, 'Rouge', 9, 2.00, 18.00, 18.00),
(492, '202', 'RITO', 'Augustin', 'V', 'N', 'N', 'N', 600, 'Rouge', 8, 2.00, 16.00, 96.00),
(493, '202', 'ROUDIL', 'Vincent', 'V', 'N', 'N', 'N', 608, 'Vert', NULL, NULL, NULL, NULL),
(494, '202', 'SERISET', 'Marine', 'V', 'N', 'N', 'N', 628, 'Vert', 6, 5.00, 30.00, 30.00),
(495, '202', 'SOUZA NEVES', 'Lorena', 'O', 'O', 'O', 'O', 637, 'Vert', 10, 1.00, 10.00, 10.00),
(496, '202', 'THOURY', 'Louenn', 'O', 'O', 'O', 'O', 655, 'Vert', 9, 1.20, 10.80, 10.80),
(497, '202', 'TOMASENSKI', 'Charlotte', 'O', 'O', 'O', 'O', 656, 'Vert', 11, 6.50, 71.50, NULL),
(498, '202', 'VALADE', 'Maëlys', 'O', 'O', 'O', 'O', 669, 'Vert', 15, 5.00, 75.00, NULL),
(499, '203', 'COUSQUER', 'Solen', 'N', NULL, NULL, NULL, NULL, NULL, NULL, NULL, NULL, NULL),
(500, '203', 'DAUNAS', 'Chloé', 'O', 'O', 'O', 'O', 191, 'Vert', 11, 3.00, 33.00, 33.00),
(501, '203', 'DAYRAUT', 'Baptiste', 'O', 'O', 'O', 'O', 201, 'Bleu', NULL, NULL, NULL, NULL),
(502, '203', 'DESLOGIS', 'Charline', 'O', 'O', 'O', 'O', 223, 'Bleu', 5, 3.00, 15.00, 15.00),
(503, '203', 'FRIOUX', 'Florian', 'O', 'O', 'O', 'O', 285, 'Bleu', 11, 2.00, 22.00, 26.00),
(504, '203', 'GAC', 'Sarah', 'O', 'O', 'O', 'O', 288, 'Bleu', 13, 6.00, 78.00, 78.00),
(505, '203', 'GARANDEAU', 'Dylan', 'O', 'O', 'O', 'O', 293, 'Bleu', 11, 1.00, 11.00, 11.00),
(506, '203', 'GUETTAF', 'Bryan', 'O', 'O', 'O', 'O', 331, 'Jaune', 13, 1.00, 13.00, 13.00),
(507, '203', 'GUICHAUX', 'Théo', 'O', 'O', 'O', 'O', 335, 'Jaune', 6, 5.00, 30.00, NULL),
(508, '203', 'LEGOUEN', 'Lora', 'N', NULL, NULL, NULL, NULL, NULL, NULL, NULL, NULL, NULL),
(509, '203', 'LOKO', 'Elga', 'O', 'O', 'O', 'O', 437, 'Blanc', 8, 2.00, 16.00, 16.00),
(510, '203', 'MACHEFAUX', 'Paul-Emile', 'O', 'O', 'O', 'O', 453, 'Blanc', 6, 6.50, 39.00, NULL),
(511, '203', 'MARCHAL', 'Lucas', 'O', 'O', 'O', 'O', 462, 'Blanc', 13, 1.00, 13.00, 13.00),
(512, '203', 'MARTY', 'Elsa', 'O', 'O', 'O', 'O', 474, 'Blanc', 14, 3.00, 42.00, 42.00),
(513, '203', 'MASSÉ', 'Simon', 'O', 'O', 'O', 'O', 476, 'Blanc', 16, 3.00, 48.00, 48.00),
(514, '203', 'MEFTAH', 'Thaïs', 'N', NULL, NULL, NULL, NULL, NULL, NULL, NULL, NULL, NULL),
(515, '203', 'MIGAUD', 'Cassandra', 'N', NULL, NULL, NULL, NULL, NULL, NULL, NULL, NULL, NULL),
(516, '203', 'MOREAU', 'Axelle', 'O', 'O', 'O', 'O', 505, 'Rouge', 9, 6.00, 54.00, 54.00),
(517, '203', 'NOGUES', 'Alison', 'O', 'O', 'O', 'O', 525, 'Rouge', 11, 4.00, 44.00, 34.00),
(518, '203', 'OUADDAH', 'Mylène', 'O', 'O', 'O', 'O', 531, 'Rouge', 8, 5.00, 40.00, 40.00),
(519, '203', 'PASSETEMPS', 'Mélissa', 'O', 'O', 'O', 'O', 541, 'Rouge', 10, 1.00, 10.00, 10.00),
(520, '203', 'PAUL', 'Erwan', 'O', 'O', 'O', 'O', 542, 'Rouge', 13, 3.00, 39.00, NULL),
(521, '203', 'PAUTARD', 'Chloé', 'O', 'O', 'O', 'O', 543, 'Rouge', 8, 2.00, 16.00, 18.00),
(522, '203', 'PELLEREAU', 'Nicolas', 'O', 'O', 'O', 'O', 545, 'Rouge', 10, 7.00, 70.00, 70.00),
(523, '203', 'PEPIN', 'Alycia', 'O', 'O', 'O', 'O', 548, 'Rouge', 13, 1.00, 13.00, 13.00),
(524, '203', 'PEREZ', 'Mélody', 'O', 'O', 'O', 'O', 549, 'Rouge', 10, 3.00, 30.00, NULL),
(525, '203', 'PEROUX', 'Elisa', 'O', 'O', 'O', 'O', 550, 'Rouge', 8, 8.00, 64.00, 64.00),
(526, '203', 'PETIT', 'Corentin', 'O', 'O', 'O', 'O', 553, 'Rouge', 19, 1.00, 19.00, 19.00),
(527, '203', 'POATY', 'Lilian', 'O', 'O', 'O', 'O', 568, 'Rouge', 16, 16.00, 256.00, 224.00),
(528, '203', 'PROUST', 'Fiona', 'O', 'O', 'O', 'O', 577, 'Rouge', 10, 9.00, 90.00, 90.00),
(529, '203', 'REGARD', 'Alexandre', 'N', NULL, NULL, NULL, NULL, NULL, NULL, NULL, NULL, NULL),
(530, '203', 'RENAUD', 'Marie', 'O', 'O', 'O', 'O', 594, 'Rouge', 10, 10.00, 100.00, 70.00),
(531, '203', 'RIDAO', 'Bertille', 'O', 'O', 'O', 'O', 596, 'Rouge', 13, 20.00, 260.00, 208.00),
(532, '203', 'TARHAN', 'Devrim', 'O', 'O', 'O', 'O', 643, 'Vert', 14, 1.50, 21.00, 21.00),
(533, '204', 'AERTS', 'Emma', 'O', 'O', 'O', 'O', 2, 'Rouge', 11, 9.00, 99.00, 100.00),
(534, '204', 'ALBINA', 'Margot', 'O', 'O', 'O', 'O', 8, 'Rouge', 8, 3.00, 24.00, 24.00),
(535, '204', 'ANGLADE', 'Hugo', 'O', 'O', 'O', 'O', 16, 'Rouge', 11, 4.00, 44.00, NULL),
(536, '204', 'AUGEIX', 'Julia', 'O', 'O', 'O', 'O', 23, 'Rouge', 10, 2.00, 20.00, NULL),
(537, '204', 'AUVRAY', 'Martin', 'O', 'O', 'O', 'O', 27, 'Rouge', 11, 4.00, 44.00, NULL),
(538, '204', 'BECQUET', 'Hannah', 'O', 'O', 'O', 'O', 711, NULL, 7, 7.00, 49.00, 50.00),
(539, '204', 'BERTHET', 'Léa', 'O', 'O', 'O', 'O', 63, 'Rouge', 10, 7.00, 70.00, 70.00),
(540, '204', 'BOUVIER', 'Elise', 'O', 'O', 'O', 'O', 712, NULL, 11, 9.00, 99.00, 91.00),
(541, '204', 'BRISSET', 'Anthony', 'O', 'O', 'O', 'O', 108, 'Vert', 14, 7.00, 98.00, NULL),
(542, '204', 'CABANNE', 'Marine', 'O', 'O', 'O', 'O', 121, 'Vert', 10, 18.75, 187.50, 187.50),
(543, '204', 'CHARPENTIER', 'Axel', 'O', 'O', 'O', 'O', 151, 'Vert', NULL, NULL, NULL, 10.00),
(544, '204', 'DENISSEL', 'Elsa', 'N', NULL, NULL, NULL, NULL, NULL, NULL, NULL, NULL, NULL);
INSERT INTO `PARTICIPANTS` (`NO_PARTICIPANT`, `ID_CLASSE`, `NOM`, `PRENOM`, `INSCRIT`, `AUTORISATION`, `DROIT_IMAGE`, `DOSSIER`, `DOSSARD`, `COULEUR`, `KMPARCOURUS`, `PROMESSE`, `MONTANT`, `MTREEL`) VALUES
(545, '204', 'FENNINGER', 'Léa', 'O', 'O', 'O', 'O', 709, NULL, 10, 2.00, 20.00, NULL),
(546, '204', 'FOURE', 'Melisande', 'O', 'O', 'O', 'O', 710, NULL, NULL, NULL, NULL, NULL),
(547, '204', 'GERE', 'Calvin', 'O', 'O', 'O', 'O', 705, NULL, 11, 6.00, 66.00, 52.00),
(548, '204', 'GIRAUD', 'Swann', 'O', 'O', 'O', 'O', 703, NULL, 14, 2.00, 28.00, 20.00),
(549, '204', 'GOUET', 'Julien', 'O', 'O', 'O', 'O', 707, NULL, 9, 4.00, 36.00, 36.00),
(550, '204', 'GOURSEAU', 'Léa', 'N', NULL, NULL, NULL, NULL, NULL, NULL, NULL, NULL, NULL),
(551, '204', 'HUBE', 'Hewan', 'O', 'O', 'O', 'O', 356, 'Jaune', 12, 10.50, 126.00, 145.50),
(552, '204', 'KAMOIZAN--LATOUR', 'Nolwenn', 'O', 'O', 'O', 'O', 708, NULL, 10, 4.00, 40.00, NULL),
(553, '204', 'LAIGNEAU', 'Romane', 'O', 'O', 'O', 'O', 387, 'Jaune', 10, 24.00, 240.00, 240.00),
(554, '204', 'LEFEBVRE', 'Arthur', 'O', 'O', 'O', 'O', 414, 'Blanc', 12, 12.50, 150.00, NULL),
(555, '204', 'LEGENDRE', 'Anthony', 'O', 'O', 'O', 'O', 706, NULL, 11, 2.00, 22.00, 22.00),
(556, '204', 'LY', 'Victor', 'O', 'O', 'O', 'O', 451, 'Blanc', 9, 16.00, 144.00, 144.00),
(557, '204', 'MARLIANGEAS', 'Shelley', 'O', 'O', 'O', 'O', 467, 'Blanc', 9, 3.00, 27.00, 27.00),
(558, '204', 'MARMIN', 'Morgane', 'N', NULL, NULL, NULL, NULL, NULL, NULL, NULL, NULL, NULL),
(559, '204', 'MARTINEL', 'Léa', 'O', 'O', 'O', 'O', 473, 'Blanc', 9, 2.00, 18.00, 10.00),
(560, '204', 'MESNAGER', 'Elsa', 'O', 'O', 'O', 'O', 490, 'Blanc', 10, 10.00, 100.00, 100.00),
(561, '204', 'MICHENOT', 'Alizée', 'N', NULL, NULL, NULL, NULL, NULL, NULL, NULL, NULL, NULL),
(562, '204', 'MINGUY', 'Thibault', 'O', 'O', 'O', 'O', 497, 'Blanc', 11, 2.50, 27.50, 27.50),
(563, '204', 'NIKSARLIAN', 'Léa', 'N', NULL, NULL, NULL, NULL, NULL, NULL, NULL, NULL, NULL),
(564, '204', 'PELLERIN', 'Lucas', 'O', 'O', 'O', 'O', 704, NULL, 11, 2.00, 22.00, 22.00),
(565, '204', 'PELLETIER', 'Thomas', 'N', NULL, NULL, NULL, NULL, NULL, NULL, NULL, NULL, NULL),
(566, '204', 'POUPOT', 'Paul', 'O', 'O', 'O', 'O', 571, 'Rouge', 11, 2.00, 22.00, 22.00),
(567, '204', 'PRAUD', 'Océane', 'O', 'O', 'O', 'O', 574, 'Rouge', 10, 4.00, 40.00, 40.00),
(568, '204', 'VIEIRA', 'Mélissa', 'O', 'O', 'O', 'O', 675, 'Vert', 12, 5.00, 60.00, 60.00),
(569, '205', 'AMPART', 'Clara', 'O', 'O', 'O', 'O', 10, 'Rouge', NULL, NULL, NULL, NULL),
(570, '205', 'ARNAUDIN', 'Eva', 'O', 'O', 'O', 'O', 19, 'Rouge', NULL, NULL, NULL, NULL),
(571, '205', 'BALLET', 'Julien', 'O', 'O', 'O', 'O', 33, 'Rouge', 10, 1.00, 10.00, NULL),
(572, '205', 'BERNARD', 'Justine', 'O', 'O', 'O', 'O', 59, 'Rouge', 7, 1.00, 7.00, NULL),
(573, '205', 'BESNIER', 'Chloé', 'N', NULL, NULL, NULL, NULL, NULL, NULL, NULL, NULL, NULL),
(574, '205', 'BOUCHEREAU', 'Helene', 'O', 'O', 'O', 'O', 90, 'Rouge', 10, 15.00, 150.00, 150.00),
(575, '205', 'BRUNET', 'Julie', 'O', 'O', 'O', 'O', 115, 'Vert', 10, 4.40, 44.00, 52.00),
(576, '205', 'CASTRILLO-MARTIN', 'Audrey', 'O', 'O', 'O', 'O', 134, 'Vert', 8, 6.00, 48.00, NULL),
(577, '205', 'CHANEMOUGA', 'Alexandre', 'O', 'O', 'O', 'O', 148, 'Vert', NULL, NULL, NULL, NULL),
(578, '205', 'COLLEN', 'Edern', 'O', 'O', 'O', 'O', 169, 'Vert', 11, 3.00, 33.00, 33.00),
(579, '205', 'COSTES', 'Leane', 'O', 'O', 'O', 'O', 174, 'Vert', 14, 1.00, 14.00, 14.00),
(580, '205', 'COURTOIS', 'Alice', 'O', 'O', 'O', 'O', 177, 'Vert', 14, 9.00, 126.00, 126.00),
(581, '205', 'COURTOIS', 'Lucie', 'O', 'O', 'O', 'O', 178, 'Vert', 11, 2.00, 22.00, 22.00),
(582, '205', 'DE KERROS', 'Clarence', 'O', 'O', 'O', 'O', 203, 'Bleu', 10, 6.00, 60.00, 60.00),
(583, '205', 'DE KISS DE NEMESKER', 'Isidore', 'N', NULL, NULL, NULL, NULL, NULL, NULL, NULL, NULL, NULL),
(584, '205', 'DUVAL', 'Loïs', 'O', 'O', 'O', 'O', 250, 'Bleu', 11, 5.00, 55.00, 55.00),
(585, '205', 'ESCURIOL', 'Elliot', 'O', 'O', 'O', 'O', 255, 'Bleu', 11, 6.00, 66.00, 66.00),
(586, '205', 'GENARD', 'Léana', 'O', 'O', 'O', 'O', 300, 'Bleu', 7, 8.00, 56.00, 56.00),
(587, '205', 'GILLOOTS', 'Quentin', 'O', 'O', 'O', 'O', 306, 'Jaune', 11, 17.00, 187.00, 190.00),
(588, '205', 'GOMES', 'Cyrielle', 'O', 'O', 'O', 'O', 310, 'Jaune', 6, 6.00, 36.00, 36.00),
(589, '205', 'GUERIN', 'Yoann', 'O', 'O', 'O', 'O', 329, 'Jaune', 14, 2.00, 28.00, 28.00),
(590, '205', 'GUILGAULT-RIPPES', 'Ninon', 'O', 'O', 'O', 'O', 336, 'Jaune', 7, 2.00, 14.00, 14.00),
(591, '205', 'HAMELOTTE', 'Mathis', 'O', 'O', 'O', 'O', 341, 'Jaune', 12, 4.00, 48.00, 48.00),
(592, '205', 'HELVIN', 'Hannah', 'O', 'O', 'O', 'O', 345, 'Jaune', 6, 6.00, 36.00, NULL),
(593, '205', 'LISAU', 'Anthony', 'N', NULL, NULL, NULL, NULL, NULL, NULL, NULL, NULL, NULL),
(594, '205', 'MANSOURI', 'Sami', 'O', 'O', 'O', 'O', 458, 'Blanc', NULL, NULL, NULL, NULL),
(595, '205', 'MARTIN', 'Tom', 'O', 'O', 'O', 'O', 469, 'Blanc', 10, 2.00, 20.00, 20.00),
(596, '205', 'PARIOLLAUD-PREVOT', 'Jean', 'O', 'O', 'O', 'O', 540, 'Rouge', 14, 2.00, 28.00, NULL),
(597, '205', 'QUACH', 'Samuel', 'O', 'O', 'O', 'O', 584, 'Rouge', 8, 8.00, 64.00, NULL),
(598, '205', 'RETIF', 'Kévin', 'N', NULL, NULL, NULL, NULL, NULL, NULL, NULL, NULL, NULL),
(599, '205', 'TAMBOURA', 'Ismael', 'O', 'O', 'O', 'O', 642, 'Vert', NULL, NULL, NULL, NULL),
(600, '205', 'TERTRAIS-FLAMAND', 'Énora', 'O', 'O', 'O', 'O', 648, 'Vert', 11, 5.00, 55.00, 55.00),
(601, '205', 'TERTRAIS-FLAMAND', 'Lilian', 'O', 'O', 'O', 'O', 649, 'Vert', 11, 2.00, 22.00, NULL),
(602, '205', 'VEILLON', 'Julie', 'O', 'O', 'O', 'O', 673, 'Vert', 11, 2.00, 22.00, 22.00),
(603, '206', 'ACHAIN', 'Emmy', 'N', NULL, NULL, NULL, NULL, NULL, NULL, NULL, NULL, NULL),
(604, '206', 'ANDRAULT', 'Marc-Olivier', 'N', NULL, NULL, NULL, NULL, NULL, NULL, NULL, NULL, NULL),
(605, '206', 'ANDRE', 'Timothe', 'O', 'O', 'O', 'O', 12, 'Rouge', 15, 1.00, 15.00, NULL),
(606, '206', 'ANDRIEU', 'Tom', 'O', 'O', 'O', 'O', 13, 'Rouge', 14, 1.00, 14.00, NULL),
(607, '206', 'AVRIT', 'Julien', 'O', 'O', 'O', 'O', 30, 'Rouge', 9, 8.00, 72.00, NULL),
(608, '206', 'BARDON', 'Kiara', 'O', 'O', 'O', 'O', 35, 'Rouge', 9, 4.00, 36.00, NULL),
(609, '206', 'BENAMOU-REDON', 'Gaïa', 'O', 'O', 'O', 'O', 52, 'Rouge', 10, 2.00, 20.00, NULL),
(610, '206', 'BILLON', 'Lisa', 'O', 'O', 'O', 'O', 72, 'Rouge', NULL, NULL, NULL, NULL),
(611, '206', 'BLANC-GARIN', 'Manon', 'O', 'O', 'O', 'O', 75, 'Rouge', 11, 2.00, 22.00, NULL),
(612, '206', 'BRAND', 'Theophile', 'N', NULL, NULL, NULL, NULL, NULL, NULL, NULL, NULL, NULL),
(613, '206', 'CHAILLOU', 'Jade', 'O', 'O', 'O', 'O', 144, 'Vert', 11, 3.00, 33.00, NULL),
(614, '206', 'COUTURIER', 'Mattéo', 'O', 'O', 'O', 'O', 179, 'Vert', 15, 1.00, 15.00, NULL),
(615, '206', 'DAUNAS', 'Lucas', 'O', 'O', 'O', 'O', 193, 'Vert', 9, 3.00, 27.00, NULL),
(616, '206', 'FAUCHER', 'Maëlle', 'O', 'O', 'O', 'O', 260, 'Bleu', 11, 6.00, 66.00, NULL),
(617, '206', 'FLANDRIN', 'Jacques', 'V', 'N', 'N', 'N', 269, 'Bleu', NULL, NULL, NULL, NULL),
(618, '206', 'GELLIN', 'Léo', 'O', 'O', 'O', 'O', 299, 'Bleu', 12, 4.00, 48.00, NULL),
(619, '206', 'GOUDSTIKKER', 'Lisa', 'N', NULL, NULL, NULL, NULL, NULL, NULL, NULL, NULL, NULL),
(620, '206', 'GRIGOLI', 'Marianne', 'O', 'O', 'O', 'O', 323, 'Jaune', 6, 1.00, 6.00, NULL),
(621, '206', 'GUILLAUD', 'Damien', 'O', 'O', 'O', 'O', 337, 'Jaune', 14, 1.00, 14.00, NULL),
(622, '206', 'HERVE', 'Stacy', 'V', 'N', 'N', 'N', 349, 'Jaune', NULL, NULL, NULL, NULL),
(623, '206', 'JARRY', 'Paul', 'O', 'O', 'O', 'O', 367, 'Jaune', 13, 2.00, 26.00, NULL),
(624, '206', 'LEMIERE', 'Alban', 'O', 'O', 'O', 'O', 418, 'Blanc', 15, 2.00, 30.00, NULL),
(625, '206', 'LEQUOY', 'Pierrick', 'N', NULL, NULL, NULL, NULL, NULL, NULL, NULL, NULL, NULL),
(626, '206', 'LOKO', 'Mercia', 'O', 'O', 'O', 'O', 438, 'Blanc', 14, 3.00, 42.00, NULL),
(627, '206', 'LOMAN', 'Gabrielle', 'O', 'O', 'O', 'O', 441, 'Blanc', 10, 6.00, 60.00, NULL),
(628, '206', 'MARTZ', 'Eloïse', 'O', 'O', 'O', 'O', 475, 'Blanc', 11, 4.00, 44.00, NULL),
(629, '206', 'MIET-ZWOLINSKI', 'Lou-Ann', 'O', 'O', 'O', 'O', 494, 'Blanc', 10, 4.00, 40.00, NULL),
(630, '206', 'MONCÉRÉ', 'Zian', 'N', NULL, NULL, NULL, NULL, NULL, NULL, NULL, NULL, NULL),
(631, '206', 'NOUBEL', 'Emma', 'O', 'O', 'O', 'O', 526, 'Rouge', NULL, NULL, NULL, NULL),
(632, '206', 'PLAINEAU', 'Anthony', 'N', NULL, NULL, NULL, NULL, NULL, NULL, NULL, NULL, NULL),
(633, '206', 'QUIE', 'Dorian', 'O', 'O', 'O', 'O', 586, 'Rouge', 11, 2.00, 22.00, NULL),
(634, '206', 'RAGUIN', 'Angele', 'N', NULL, NULL, NULL, NULL, NULL, NULL, NULL, NULL, NULL),
(635, '206', 'ROBIN', 'Chloe', 'O', 'O', 'O', 'O', 601, 'Vert', 10, 1.00, 10.00, NULL),
(636, '206', 'RODRIGUES', 'Marius', 'O', 'O', 'O', 'O', 605, 'Vert', 10, 2.00, 20.00, NULL),
(637, '206', 'TROPPER', 'Émeline', 'O', 'O', 'O', 'O', 665, 'Vert', 8, 4.00, 32.00, NULL),
(638, '206', 'UCAK', 'Mélodi', 'O', 'O', 'O', 'O', 666, 'Vert', 9, 7.00, 63.00, NULL),
(639, '207', 'AMBROSIONI', 'Candice', 'N', NULL, NULL, NULL, NULL, NULL, NULL, NULL, NULL, NULL),
(640, '207', 'AUBRY', 'Etienne', 'N', NULL, NULL, NULL, NULL, NULL, NULL, NULL, NULL, NULL),
(641, '207', 'AVETISIAN', 'Elen', 'N', NULL, NULL, NULL, NULL, NULL, NULL, NULL, NULL, NULL),
(642, '207', 'BARDE', 'Coralie', 'N', NULL, NULL, NULL, NULL, NULL, NULL, NULL, NULL, NULL),
(643, '207', 'BOINOT', 'Eliot', 'O', 'O', 'O', 'O', 81, 'Rouge', 8, 6.00, 48.00, 48.00),
(644, '207', 'BOUCHET', 'Julie', 'N', NULL, NULL, NULL, NULL, NULL, NULL, NULL, NULL, NULL),
(645, '207', 'BRISSON', 'Lucas', 'N', NULL, NULL, NULL, NULL, NULL, NULL, NULL, NULL, NULL),
(646, '207', 'BRUNELLIERE', 'Axel', 'O', 'O', 'O', 'O', 113, 'Vert', 10, 2.00, 20.00, 20.00),
(647, '207', 'CAQUINEAU', 'Thibault', 'N', NULL, NULL, NULL, NULL, NULL, NULL, NULL, NULL, NULL),
(648, '207', 'COUTANT', 'Maxime', 'N', NULL, NULL, NULL, NULL, NULL, NULL, NULL, NULL, NULL),
(649, '207', 'DABESCAT', 'Florian', 'N', NULL, NULL, NULL, NULL, NULL, NULL, NULL, NULL, NULL),
(650, '207', 'DELEGUE', 'Eve', 'O', 'O', 'O', 'O', 211, 'Bleu', 9, 6.50, 58.50, 42.40),
(651, '207', 'DEXANT', 'Lucile', 'O', 'O', 'O', 'O', 227, 'Bleu', 9, 9.00, 81.00, 81.00),
(652, '207', 'FOULON', 'Charlotte', 'N', NULL, NULL, NULL, NULL, NULL, NULL, NULL, NULL, NULL),
(653, '207', 'FRECHEDE', 'Margaux', 'O', 'O', 'O', 'O', 284, 'Bleu', 10, 2.00, 20.00, 20.00),
(654, '207', 'GALEA', 'Zoé', 'O', 'O', 'O', 'O', 289, 'Bleu', 10, 14.00, 140.00, 68.00),
(655, '207', 'GARNIER', 'Alexandre', 'N', NULL, NULL, NULL, NULL, NULL, NULL, NULL, NULL, NULL),
(656, '207', 'GEOFFROY', 'Thomas', 'O', 'O', 'O', 'O', 304, 'Jaune', NULL, NULL, NULL, NULL),
(657, '207', 'GRYGIERZEC', 'Louis', 'N', NULL, NULL, NULL, NULL, NULL, NULL, NULL, NULL, NULL),
(658, '207', 'GUILLEVIN', 'Joachim', 'N', NULL, NULL, NULL, NULL, NULL, NULL, NULL, NULL, NULL),
(659, '207', 'KAZARIAN', 'Ripcik', 'O', 'O', 'O', 'O', 377, 'Jaune', 9, 7.60, 68.40, 87.40),
(660, '207', 'KERZERHO', 'Loïcia', 'N', NULL, NULL, NULL, NULL, NULL, NULL, NULL, NULL, NULL),
(661, '207', 'LASTERE', 'Noémie', 'N', NULL, NULL, NULL, NULL, NULL, NULL, NULL, NULL, NULL),
(662, '207', 'LAVOL', 'Charline', 'O', 'O', 'O', 'O', 399, 'Jaune', 9, 1.00, 9.00, 9.00),
(663, '207', 'LELONG', 'Charlotte', 'O', 'O', 'O', 'O', 417, 'Blanc', 7, 4.00, 28.00, 28.00),
(664, '207', 'MARTIN', 'Zélie', 'N', NULL, NULL, NULL, NULL, NULL, NULL, NULL, NULL, NULL),
(665, '207', 'MARTINEAU', 'Léa', 'O', 'O', 'O', 'O', 472, 'Blanc', 10, 4.00, 40.00, 40.00),
(666, '207', 'PACAUD', 'Clara', 'N', NULL, NULL, NULL, NULL, NULL, NULL, NULL, NULL, NULL),
(667, '207', 'PAIN', 'Cassandre', 'O', 'O', 'O', 'O', 535, 'Rouge', 9, 2.00, 18.00, 15.40),
(668, '207', 'PIAUD', 'Méryl', 'O', 'O', 'O', 'O', 555, 'Rouge', NULL, NULL, NULL, NULL),
(669, '207', 'PIGEON', 'Alix', 'O', 'O', 'O', 'O', 559, 'Rouge', 7, 6.00, 42.00, 21.00),
(670, '207', 'REISS', 'Coline', 'O', 'O', 'O', 'O', 593, 'Rouge', 12, 6.00, 72.00, 72.00),
(671, '207', 'REYNES', 'Gwenn', 'N', NULL, NULL, NULL, NULL, NULL, NULL, NULL, NULL, NULL),
(672, '207', 'RUIZ', 'Tristan', 'O', 'O', 'O', 'O', 619, 'Vert', 8, 12.00, 96.00, 95.40),
(673, '207', 'SAINTEMARTINE', 'Louis-Victor', 'O', 'O', 'O', 'O', 622, 'Vert', 11, 3.00, 33.00, 33.00),
(674, '207', 'VÙ', 'Hugo', 'O', 'O', 'O', 'O', 680, 'Vert', 12, 1.50, 18.00, NULL),
(675, '208', 'BARON', 'Marin', 'N', NULL, NULL, NULL, NULL, NULL, NULL, NULL, NULL, NULL),
(676, '208', 'BASTEL', 'Antoine', 'V', 'N', 'N', 'N', 39, 'Rouge', NULL, NULL, NULL, NULL),
(677, '208', 'BETOULE', 'Hugo', 'N', NULL, NULL, NULL, NULL, NULL, NULL, NULL, NULL, NULL),
(678, '208', 'BODET-GARBAYE', 'Théo', 'N', NULL, NULL, NULL, NULL, NULL, NULL, NULL, NULL, NULL),
(679, '208', 'BON', 'Appoline', 'V', 'N', 'N', 'N', 85, 'Rouge', NULL, NULL, NULL, NULL),
(680, '208', 'CHARPENTIER', 'Thomas', 'O', 'O', 'O', 'O', 152, 'Vert', 8, 3.00, 24.00, 24.00),
(681, '208', 'DAVOUST', 'Mathieu', 'O', 'O', 'O', 'O', 199, 'Vert', 10, 2.00, 20.00, 20.00),
(682, '208', 'DECROIX', 'Matthieu', 'O', 'O', 'O', 'O', 206, 'Bleu', 11, 5.00, 55.00, 55.00),
(683, '208', 'DOUBLET', 'Gabrielle', 'N', NULL, NULL, NULL, NULL, NULL, NULL, NULL, NULL, NULL),
(684, '208', 'DOUSSET', 'Enzo', 'O', 'O', 'O', 'O', 233, 'Bleu', 9, 3.00, 27.00, NULL),
(685, '208', 'DRUART', 'Alexis', 'O', 'O', 'O', 'O', 238, 'Bleu', 8, 6.00, 48.00, 48.00),
(686, '208', 'DURAND', 'Sulyvan', 'O', 'O', 'O', 'O', 247, 'Bleu', 9, 4.50, 40.50, 43.00),
(687, '208', 'FARAONE', 'Enzo', 'N', NULL, NULL, NULL, NULL, NULL, NULL, NULL, NULL, NULL),
(688, '208', 'FLORENTIN', 'Emmy', 'O', 'O', 'O', 'O', 273, 'Bleu', 9, 8.50, 76.50, 87.50),
(689, '208', 'GRIBI', 'Radia', 'O', 'O', 'O', 'O', 322, 'Jaune', 10, 4.00, 40.00, NULL),
(690, '208', 'JEGOU', 'Léa', 'N', NULL, NULL, NULL, NULL, NULL, NULL, NULL, NULL, NULL),
(691, '208', 'JOUSSELIN', 'Théotime', 'O', 'O', 'O', 'O', 371, 'Jaune', 13, 6.00, 78.00, 78.00),
(692, '208', 'KERNEIS', 'Yannou', 'O', 'O', 'O', 'O', 380, 'Jaune', 16, 7.00, 112.00, NULL),
(693, '208', 'LAVERGNE', 'Lyvan', 'N', NULL, NULL, NULL, NULL, NULL, NULL, NULL, NULL, NULL),
(694, '208', 'LECOINTE', 'Lucie', 'O', 'O', 'O', 'O', 409, 'Blanc', 9, 1.00, 9.00, 9.00),
(695, '208', 'LESNE', 'Mehdi', 'N', NULL, NULL, NULL, NULL, NULL, NULL, NULL, NULL, NULL),
(696, '208', 'LIENARD', 'Maïa', 'O', 'O', 'O', 'O', 429, 'Blanc', 9, 3.50, 31.50, 23.00),
(697, '208', 'MARCHAIS', 'Loic', 'O', 'O', 'O', 'O', 461, 'Blanc', 10, 3.50, 35.00, 35.00),
(698, '208', 'MARIO', 'Eva', 'O', 'O', 'O', 'O', 466, 'Blanc', 10, 6.00, 60.00, 60.00),
(699, '208', 'MARTIN', 'Lucie', 'N', NULL, NULL, NULL, NULL, NULL, NULL, NULL, NULL, NULL),
(700, '208', 'MARTINEAU', 'Ines', 'O', 'O', 'O', 'O', 471, 'Blanc', 10, 5.00, 50.00, 50.00),
(701, '208', 'MASSIAS', 'Mathilde', 'N', NULL, NULL, NULL, NULL, NULL, NULL, NULL, NULL, NULL),
(702, '208', 'MONTAGNE', 'Jade', 'O', 'O', 'O', 'O', 501, 'Rouge', 10, 8.00, 80.00, 80.00),
(703, '208', 'MONTMOULINEIX', 'Alexia', 'O', 'O', 'O', 'O', 504, 'Rouge', 10, 4.00, 40.00, 182.00),
(704, '208', 'NIOLLET', 'Simon', 'O', 'O', 'O', 'O', 523, 'Rouge', 11, 4.00, 44.00, 44.00),
(705, '208', 'PERRIGOUARD', 'Charlotte', 'N', NULL, NULL, NULL, NULL, NULL, NULL, NULL, NULL, NULL),
(706, '208', 'PERROUX', 'Alix', 'N', NULL, NULL, NULL, NULL, NULL, NULL, NULL, NULL, NULL),
(707, '208', 'PRAILLE', 'Cécile', 'O', 'O', 'O', 'O', 573, 'Rouge', 9, 8.00, 72.00, 72.00),
(708, '208', 'REISS', 'Arthur', 'O', 'O', 'O', 'O', 592, 'Rouge', 14, 7.00, 98.00, 98.00),
(709, '208', 'RINJEONNEAU', 'Elsa', 'O', 'O', 'O', 'O', 598, 'Rouge', 11, 11.00, 121.00, 121.00),
(710, '208', 'TONDEUR', 'Romane', 'N', NULL, NULL, NULL, NULL, NULL, NULL, NULL, NULL, NULL),
(711, '209', 'AVERSO', 'Gabriel', 'O', 'O', 'O', 'O', 28, 'Rouge', NULL, NULL, NULL, NULL),
(712, '209', 'BEQUET', 'Hugo', 'O', 'O', 'O', 'O', 56, 'Rouge', 10, 2.00, 20.00, 20.00),
(713, '209', 'BERNARD', 'Théo', 'O', 'O', 'O', 'O', 61, 'Rouge', NULL, NULL, NULL, NULL),
(714, '209', 'BOLSHAKOV', 'Vladislav', 'O', 'O', 'O', 'O', 84, 'Rouge', NULL, NULL, NULL, NULL),
(715, '209', 'BOURREAU', 'Lucile', 'O', 'O', 'O', 'O', 95, 'Rouge', 9, 6.00, 54.00, 54.00),
(716, '209', 'CLINCO', 'Séréna', 'O', 'O', 'O', 'O', 165, 'Vert', NULL, NULL, NULL, NULL),
(717, '209', 'COUE', 'Elisa', 'V', 'N', 'N', 'N', 175, 'Vert', NULL, NULL, NULL, NULL),
(718, '209', 'DEGUY', 'Maxime', 'O', 'O', 'O', 'O', 207, 'Bleu', NULL, NULL, NULL, NULL),
(719, '209', 'DELBOS', 'Clément', 'O', 'O', 'O', 'O', 210, 'Bleu', NULL, NULL, NULL, NULL),
(720, '209', 'DELFORGE', 'Romain', 'O', 'O', 'O', 'O', 212, 'Bleu', 12, 4.00, 48.00, 48.00),
(721, '209', 'DERUELLE', 'Mathis', 'O', 'O', 'O', 'O', 220, 'Bleu', NULL, NULL, NULL, NULL),
(722, '209', 'DUCOULOMBIER', 'César', 'O', 'O', 'O', 'O', 239, 'Bleu', NULL, NULL, NULL, NULL),
(723, '209', 'EDOUARD', 'Valentin', 'O', 'O', 'O', 'O', 251, 'Bleu', NULL, NULL, NULL, NULL),
(724, '209', 'FLOCH', 'Kylliann', 'O', 'O', 'O', 'O', 272, 'Bleu', NULL, NULL, NULL, NULL),
(725, '209', 'HERVOUET', 'Emelyne', 'O', 'O', 'O', 'O', 350, 'Jaune', NULL, NULL, NULL, NULL),
(726, '209', 'LE BORGNE', 'Marius', 'O', 'O', 'O', 'O', 401, 'Blanc', NULL, NULL, NULL, NULL),
(727, '209', 'LE TONQUER', 'Emma', 'O', 'O', 'O', 'O', 406, 'Blanc', 8, 1.00, 8.00, NULL),
(728, '209', 'LEGIER', 'Antoine', 'N', NULL, NULL, NULL, NULL, NULL, NULL, NULL, NULL, NULL),
(729, '209', 'LEMOINE', 'Valentine', 'O', 'O', 'O', 'O', 420, 'Blanc', NULL, NULL, NULL, NULL),
(730, '209', 'LEROI', 'Théodore', 'O', 'O', 'O', 'O', 422, 'Blanc', NULL, NULL, NULL, NULL),
(731, '209', 'LIGNERON', 'Manon', 'O', 'O', 'O', 'O', 431, 'Blanc', 10, 0.50, 5.00, NULL),
(732, '209', 'LOEDEC', 'Enzo', 'O', 'O', 'O', 'O', 436, 'Blanc', NULL, NULL, NULL, NULL),
(733, '209', 'LONGUET', 'Océane', 'O', 'O', 'O', 'O', 443, 'Blanc', NULL, NULL, NULL, NULL),
(734, '209', 'LONY', 'Anouchka', 'O', 'O', 'O', 'O', 444, 'Blanc', 12, 10.00, 120.00, 120.00),
(735, '209', 'MAURICE', 'Clémentine', 'O', 'O', 'O', 'O', 480, 'Blanc', NULL, NULL, NULL, NULL),
(736, '209', 'MONÉDIÈRE', 'Maëva', 'O', 'O', 'O', 'O', 500, 'Blanc', NULL, NULL, NULL, NULL),
(737, '209', 'OUKASSI', 'Hakim', 'O', 'O', 'O', 'O', 533, 'Rouge', 14, 3.00, 42.00, 42.00),
(738, '209', 'PERROCHEAU', 'Otto', 'O', 'O', 'O', 'O', 552, 'Rouge', 11, 1.00, 11.00, 11.00),
(739, '209', 'PITALIER', 'Christina', 'O', 'O', 'O', 'O', 565, 'Rouge', NULL, NULL, NULL, NULL),
(740, '209', 'POLARD', 'Alice', 'O', 'O', 'O', 'O', 570, 'Rouge', 9, 8.00, 72.00, 72.00),
(741, '209', 'PRONNIER', 'Léo', 'O', 'O', 'O', 'O', 576, 'Rouge', 12, 3.50, 42.00, 42.00),
(742, '209', 'QUENU', 'Gauthier', 'O', 'O', 'O', 'O', 585, 'Rouge', NULL, NULL, NULL, NULL),
(743, '209', 'ROY', 'Corentin', 'O', 'O', 'O', 'O', 616, 'Vert', NULL, NULL, NULL, NULL),
(744, '209', 'SHVARTS', 'Eliza', 'O', 'O', 'O', 'O', 629, 'Vert', NULL, NULL, NULL, NULL),
(745, '209', 'TRANQUARD', 'Marine', 'O', 'O', 'O', 'O', 663, 'Vert', NULL, NULL, NULL, NULL),
(746, '209', 'VINET', 'Anaïs', 'O', 'O', 'O', 'O', 678, 'Vert', NULL, NULL, NULL, NULL),
(747, '210', 'ANDUZE', 'Matys', 'O', 'O', 'O', 'O', 15, 'Rouge', NULL, NULL, NULL, 0.00),
(748, '210', 'ASLAN', 'Bermal', 'O', 'O', 'O', 'O', 20, 'Rouge', NULL, NULL, NULL, 0.00),
(749, '210', 'BARIL', 'Eolia', 'N', NULL, NULL, NULL, NULL, NULL, NULL, NULL, NULL, NULL),
(750, '210', 'BENARD', 'Théo', 'O', 'O', 'O', 'O', 53, 'Rouge', 15, 1.00, 15.00, 15.00),
(751, '210', 'BENTHIN', 'Benjamin', 'N', NULL, NULL, NULL, NULL, NULL, NULL, NULL, NULL, NULL),
(752, '210', 'BUISSON', 'Lucas', 'V', 'N', 'N', 'N', 117, 'Vert', NULL, NULL, NULL, NULL),
(753, '210', 'CAILLAS', 'Jeanne', 'O', 'O', 'O', 'O', 124, 'Vert', NULL, NULL, NULL, 0.00),
(754, '210', 'CAILLON', 'Bryann', 'O', 'O', 'O', 'O', 126, 'Vert', 11, 4.00, 44.00, 44.00),
(755, '210', 'CAT', 'Océane', 'O', 'O', 'O', 'O', 135, 'Vert', 1, 20.00, 20.00, 20.00),
(756, '210', 'CAVILLON', 'Jade', 'O', 'O', 'O', 'O', 140, 'Vert', 16, 2.00, 32.00, 30.00),
(757, '210', 'CHALANCON', 'Anthony', 'O', 'O', 'O', 'O', 145, 'Vert', 5, 2.00, 10.00, 10.00),
(758, '210', 'CHUSSEAU', 'Axel', 'V', 'N', 'N', 'N', 162, 'Vert', NULL, NULL, NULL, NULL),
(759, '210', 'COURAUD', 'Mallaury', 'N', NULL, NULL, NULL, NULL, NULL, NULL, NULL, NULL, NULL),
(760, '210', 'DEROSIER', 'Lucas', 'V', 'N', 'N', 'N', 219, 'Bleu', NULL, NULL, NULL, NULL),
(761, '210', 'DESLANDES', 'Flavy', 'V', 'N', 'N', 'N', 222, 'Bleu', NULL, NULL, NULL, NULL),
(762, '210', 'DOUDIER', 'Chloé', 'O', 'O', 'O', 'O', 232, 'Bleu', NULL, NULL, NULL, 0.00),
(763, '210', 'FERCHAUD', 'Victoire', 'O', 'O', 'O', 'O', 264, 'Bleu', 9, 5.00, 45.00, 45.00),
(764, '210', 'FORGEAU', 'Emma', 'V', 'N', 'N', 'N', 274, 'Bleu', NULL, NULL, NULL, NULL),
(765, '210', 'FORGET', 'Manon', 'O', 'O', 'O', 'O', 275, 'Bleu', NULL, NULL, NULL, 0.00),
(766, '210', 'FOUBERT', 'Anthony', 'O', 'O', 'O', 'O', 278, 'Bleu', 6, 2.00, 12.00, 12.00),
(767, '210', 'GONCALVES OLIVEIRA', 'Cristiana-Isabel', 'O', 'O', 'O', 'O', 313, 'Jaune', 8, 5.00, 40.00, 40.00),
(768, '210', 'GROLLIER', 'Lise', 'V', 'N', 'N', 'N', 324, 'Jaune', NULL, NULL, NULL, NULL),
(769, '210', 'GUIBLIN', 'Clemence', 'N', NULL, NULL, NULL, NULL, NULL, NULL, NULL, NULL, NULL),
(770, '210', 'LARONDE', 'Manon', 'O', 'O', 'O', 'O', 394, 'Jaune', 8, 23.00, 184.00, 184.00),
(771, '210', 'LE GO', 'Hector', 'O', 'O', 'O', 'O', 403, 'Blanc', NULL, NULL, NULL, 0.00),
(772, '210', 'LECOMTE', 'Alissia', 'O', 'O', 'O', 'O', 411, 'Blanc', 6, 2.00, 12.00, 12.00),
(773, '210', 'LOUISE', 'Mélissa', 'O', 'O', 'O', 'O', 448, 'Blanc', 7, 12.00, 84.00, 84.00),
(774, '210', 'LUCAS', 'Adelle', 'O', 'O', 'O', 'O', 449, 'Blanc', 8, 4.00, 32.00, 32.00),
(775, '210', 'MBAYE', 'Arame', 'O', 'O', 'O', 'O', 482, 'Blanc', 5, 1.00, 5.00, 5.00),
(776, '210', 'MOUFFLET', 'Ameline', 'O', 'O', 'O', 'O', 510, 'Rouge', 7, 4.00, 28.00, 28.00),
(777, '210', 'PERRAYON', 'Audrey', 'O', 'O', 'O', 'O', 551, 'Rouge', 7, 2.00, 14.00, 14.00),
(778, '210', 'PINAUD', 'Clélia', 'O', 'O', 'O', 'O', 560, 'Rouge', 6, 8.00, 48.00, 48.00),
(779, '210', 'POCALY', 'Lilian', 'V', 'N', 'N', 'N', 569, 'Rouge', NULL, NULL, NULL, NULL),
(780, '210', 'ROY', 'Léa', 'O', 'O', 'O', 'O', 617, 'Vert', 4, 3.00, 12.00, 12.00),
(781, '210', 'ROY', 'Mathéo', 'O', 'O', 'O', 'O', 618, 'Vert', 14, 2.00, 28.00, 28.00),
(782, '211', 'AIRIEAU', 'Thibaut', 'O', 'O', 'O', 'O', 7, 'Rouge', NULL, NULL, NULL, NULL),
(783, '211', 'ANDRE', 'Pierre', 'N', NULL, NULL, NULL, NULL, NULL, NULL, NULL, NULL, NULL),
(784, '211', 'ARNAUD', 'Noémie', 'N', NULL, NULL, NULL, NULL, NULL, NULL, NULL, NULL, NULL),
(785, '211', 'AUGRY', 'Angèle', 'O', 'O', 'O', 'O', 24, 'Rouge', NULL, NULL, NULL, NULL),
(786, '211', 'AZAOUAGHE', 'Sami', 'V', 'N', 'N', 'N', 31, 'Rouge', NULL, NULL, NULL, NULL),
(787, '211', 'BEDOURET', 'Romain', 'O', 'O', 'O', 'O', 47, 'Rouge', 12, 1.50, 18.00, 18.00),
(788, '211', 'BOISSERIE', 'Taïs', 'V', 'N', 'N', 'N', 82, 'Rouge', NULL, NULL, NULL, NULL),
(789, '211', 'BOLE BESANÇON', 'Sarah', 'N', NULL, NULL, NULL, NULL, NULL, NULL, NULL, NULL, NULL),
(790, '211', 'BONMATI', 'Tom', 'N', NULL, NULL, NULL, NULL, NULL, NULL, NULL, NULL, NULL),
(791, '211', 'CATANT', 'Axelle', 'O', 'O', 'O', 'O', 136, 'Vert', 11, 5.00, 55.00, 55.00),
(792, '211', 'CHATELET', 'Flavie', 'N', NULL, NULL, NULL, NULL, NULL, NULL, NULL, NULL, NULL),
(793, '211', 'COURAUD', 'Mégane', 'N', NULL, NULL, NULL, NULL, NULL, NULL, NULL, NULL, NULL),
(794, '211', 'DAVID', 'Marvin', 'O', 'O', 'O', 'O', 196, 'Vert', 17, 3.00, 51.00, NULL),
(795, '211', 'DAVIET- GARRY', 'Louane', 'N', NULL, NULL, NULL, NULL, NULL, NULL, NULL, NULL, NULL),
(796, '211', 'DE OLIVEIRA MAIA', 'Andréa', 'O', 'O', 'O', 'O', 205, 'Bleu', 11, 3.00, 33.00, 33.00),
(797, '211', 'DEMAY', 'Marine', 'O', 'O', 'O', 'O', 216, 'Bleu', 12, 2.50, 30.00, 29.00),
(798, '211', 'DOMINIQUE', 'Noëlia', 'N', NULL, NULL, NULL, NULL, NULL, NULL, NULL, NULL, NULL),
(799, '211', 'DUMANS', 'Antoine', 'O', 'O', 'O', 'O', 243, 'Bleu', NULL, NULL, NULL, NULL),
(800, '211', 'DUPONT', 'Thomas', 'O', 'O', 'O', 'O', 246, 'Bleu', 11, 3.00, 33.00, 33.00),
(801, '211', 'FILLODEAU', 'Océane', 'N', NULL, NULL, NULL, NULL, NULL, NULL, NULL, NULL, NULL),
(802, '211', 'GARETIER', 'Marie', 'O', 'O', 'O', 'O', 294, 'Bleu', NULL, NULL, NULL, NULL),
(803, '211', 'GARNIER', 'Dorian', 'N', NULL, NULL, NULL, NULL, NULL, NULL, NULL, NULL, NULL),
(804, '211', 'GREVET', 'Justine', 'O', 'O', 'O', 'O', 321, 'Jaune', NULL, NULL, NULL, NULL),
(805, '211', 'GUIBERT', 'Hugo', 'O', 'O', 'O', 'O', 333, 'Jaune', 17, 2.00, 34.00, 34.00),
(806, '211', 'HERVAUD', 'Lucas', 'O', 'O', 'O', 'O', 348, 'Jaune', 14, 1.00, 14.00, 14.00),
(807, '211', 'PANIER', 'Léa', 'O', 'O', 'O', 'O', 537, 'Rouge', 11, 41.00, 451.00, 385.00),
(808, '211', 'RETIF', 'Thomas', 'N', NULL, NULL, NULL, NULL, NULL, NULL, NULL, NULL, NULL),
(809, '211', 'ROUAS', 'Tanguy', 'O', 'O', 'O', 'O', 606, 'Vert', NULL, NULL, NULL, NULL),
(810, '211', 'SAYET', 'Lisa', 'V', 'N', 'N', 'N', 626, 'Vert', NULL, NULL, NULL, NULL),
(811, '211', 'SORLUT', 'Ambre', 'O', 'O', 'O', 'O', 635, 'Vert', 12, 11.50, 138.00, 138.00),
(812, '211', 'SOUQUET', 'Sacha', 'O', 'O', 'O', 'O', 636, 'Vert', 14, 2.00, 28.00, 28.00),
(813, '211', 'TAVERNET', 'Axel', 'N', NULL, NULL, NULL, NULL, NULL, NULL, NULL, NULL, NULL),
(814, '211', 'TOUGET', 'Gaëtan', 'O', 'O', 'O', 'O', 658, 'Vert', NULL, NULL, NULL, NULL),
(815, '211', 'TOURET', 'Jessy', 'O', 'O', 'O', 'O', 660, 'Vert', 15, 3.50, 52.50, NULL),
(816, '211', 'TOUSSAINT', 'Jules', 'O', 'O', 'O', 'O', 661, 'Vert', 14, 1.00, 14.00, 14.00),
(817, '211', 'ZLATANOV', 'Dorine', 'O', 'O', 'O', 'O', 682, 'Vert', 8, 5.00, 40.00, 42.00),
(818, '212', 'ALLARD', 'Shainess', 'N', NULL, NULL, NULL, NULL, NULL, NULL, NULL, NULL, NULL),
(819, '212', 'ANGOT', 'Jöran', 'O', 'O', 'O', 'O', 17, 'Rouge', 10, 20.00, 200.00, 200.00),
(820, '212', 'BITEAU', 'Lucas', 'N', NULL, NULL, NULL, NULL, NULL, NULL, NULL, NULL, NULL),
(821, '212', 'BOURGOIN', 'Thomas', 'N', NULL, NULL, NULL, NULL, NULL, NULL, NULL, NULL, NULL),
(822, '212', 'BRAUD', 'Tristan', 'N', NULL, NULL, NULL, NULL, NULL, NULL, NULL, NULL, NULL),
(823, '212', 'BUREAU', 'Mathis', 'N', NULL, NULL, NULL, NULL, NULL, NULL, NULL, NULL, NULL),
(824, '212', 'CASTAING', 'Pierre', 'N', NULL, NULL, NULL, NULL, NULL, NULL, NULL, NULL, NULL),
(825, '212', 'CHANEMOUGA', 'Victor', 'O', 'O', 'O', 'O', 149, 'Vert', 13, 5.00, 65.00, 52.00),
(826, '212', 'CHEVALIER', 'Romain', 'N', NULL, NULL, NULL, NULL, NULL, NULL, NULL, NULL, NULL),
(827, '212', 'DAVID - LEFEBVRE', 'Mathilde', 'O', 'O', 'O', 'O', 198, 'Vert', 9, 1.00, 9.00, NULL),
(828, '212', 'GENEREAU', 'Elodie', 'O', 'O', 'O', 'O', 301, 'Jaune', NULL, NULL, NULL, NULL),
(829, '212', 'GIRAUDEAU', 'Lucie', 'N', NULL, NULL, NULL, NULL, NULL, NULL, NULL, NULL, NULL),
(830, '212', 'HUGUES', 'Nadia', 'N', NULL, NULL, NULL, NULL, NULL, NULL, NULL, NULL, NULL),
(831, '212', 'JOUANNEAU', 'Kimberly', 'N', NULL, NULL, NULL, NULL, NULL, NULL, NULL, NULL, NULL),
(832, '212', 'KHOULI', 'Ahmed', 'N', NULL, NULL, NULL, NULL, NULL, NULL, NULL, NULL, NULL),
(833, '212', 'KOUCHY', 'Sanah', 'O', 'O', 'O', 'O', 381, 'Jaune', 13, 12.00, 156.00, 152.00),
(834, '212', 'LANGLAIS', 'Léa', 'O', 'O', 'O', 'O', 393, 'Jaune', NULL, NULL, NULL, NULL),
(835, '212', 'LEJEUNE', 'Emma', 'N', NULL, NULL, NULL, NULL, NULL, NULL, NULL, NULL, NULL),
(836, '212', 'LEMOINE', 'Thomas', 'N', NULL, NULL, NULL, NULL, NULL, NULL, NULL, NULL, NULL),
(837, '212', 'LUCAZEAU', 'Doriane', 'N', NULL, NULL, NULL, NULL, NULL, NULL, NULL, NULL, NULL),
(838, '212', 'MAROC', 'Wassim', 'N', NULL, NULL, NULL, NULL, NULL, NULL, NULL, NULL, NULL),
(839, '212', 'MIGNON', 'Julien', 'O', 'O', 'O', 'O', 495, 'Blanc', NULL, NULL, NULL, NULL),
(840, '212', 'OUDIN', 'Clément', 'V', 'N', 'N', 'N', 532, 'Rouge', NULL, NULL, NULL, NULL),
(841, '212', 'PAIN', 'Guillaume', 'N', NULL, NULL, NULL, NULL, NULL, NULL, NULL, NULL, NULL),
(842, '212', 'PIOFFRET', 'Andréa', 'O', 'O', 'O', 'O', 563, 'Rouge', 8, 2.00, 16.00, 16.00),
(843, '212', 'PRIGENT', 'Maxime', 'O', 'O', 'O', 'O', 575, 'Rouge', 13, 2.00, 26.00, 26.00),
(844, '212', 'RAMDAN', 'Adel', 'N', NULL, NULL, NULL, NULL, NULL, NULL, NULL, NULL, NULL),
(845, '212', 'REGULIER', 'Alexis', 'N', NULL, NULL, NULL, NULL, NULL, NULL, NULL, NULL, NULL),
(846, '212', 'RODRIGUEZ', 'Vincent', 'N', NULL, NULL, NULL, NULL, NULL, NULL, NULL, NULL, NULL),
(847, '212', 'STEINKRIETZER', 'Mara Maina', 'O', 'O', 'O', 'O', 640, 'Vert', 8, 2.00, 16.00, 16.00),
(848, '213', 'ARNAUD', 'Amélie', 'N', NULL, NULL, NULL, NULL, NULL, NULL, NULL, NULL, NULL),
(849, '213', 'ARNAUTU', 'Alexandru', 'N', NULL, NULL, NULL, NULL, NULL, NULL, NULL, NULL, NULL),
(850, '213', 'BACHIR', 'Faress', 'N', NULL, NULL, NULL, NULL, NULL, NULL, NULL, NULL, NULL),
(851, '213', 'BALDILLOU', 'Arnaud', 'O', 'O', 'O', 'O', 32, 'Rouge', 17, 4.00, 68.00, 68.00),
(852, '213', 'BERMOUL', 'Simon', 'V', 'N', 'N', 'N', 58, 'Rouge', NULL, NULL, NULL, NULL),
(853, '213', 'BICHAUD', 'Manon', 'O', 'O', 'O', 'O', 68, 'Rouge', 9, 2.00, 18.00, 18.00),
(854, '213', 'BIDET', 'Mathilde', 'O', 'O', 'O', 'O', 70, 'Rouge', 9, 15.00, 135.00, 135.00),
(855, '213', 'DAUNAS', 'Marie', 'N', NULL, NULL, NULL, NULL, NULL, NULL, NULL, NULL, NULL),
(856, '213', 'DEQUIVRE', 'Camille', 'N', NULL, NULL, NULL, NULL, NULL, NULL, NULL, NULL, NULL),
(857, '213', 'DUPUY', 'Anais', 'N', NULL, NULL, NULL, NULL, NULL, NULL, NULL, NULL, NULL),
(858, '213', 'FEROU', 'Camille', 'O', 'O', 'O', 'O', 266, 'Bleu', 20, 2.00, 40.00, 20.00),
(859, '213', 'FROMAGEOT', 'Baptiste', 'N', NULL, NULL, NULL, NULL, NULL, NULL, NULL, NULL, NULL),
(860, '213', 'GABILLARD', 'Charlotte', 'O', 'O', 'O', 'O', 287, 'Bleu', 10, 1.00, 10.00, 10.00),
(861, '213', 'GIRARD', 'Léa', 'O', 'O', 'O', 'O', 307, 'Jaune', 11, 7.00, 77.00, 77.00),
(862, '213', 'LAFONT', 'Laura', 'O', 'O', 'O', 'O', 384, 'Jaune', 10, 1.00, 10.00, 10.00),
(863, '213', 'LAHRACH', 'Younes', 'O', 'O', 'O', 'O', 386, 'Jaune', NULL, NULL, NULL, NULL),
(864, '213', 'LEYGONIE', 'Jean-Baptiste', 'O', 'O', 'O', 'O', 425, 'Blanc', 12, 2.00, 24.00, 24.00),
(865, '213', 'LEZEAU', 'Athénaïs', 'O', 'O', 'O', 'O', 426, 'Blanc', 11, 1.00, 11.00, 11.00),
(866, '213', 'LOUINEAU', 'Ophélie', 'O', 'O', 'O', 'O', 447, 'Blanc', 8, 2.00, 16.00, 16.00),
(867, '213', 'MANGOU', 'Emma', 'V', 'N', 'N', 'N', 457, 'Blanc', NULL, NULL, NULL, NULL),
(868, '213', 'MARCAUD', 'Thomas', 'V', 'N', 'N', 'N', 459, 'Blanc', NULL, NULL, NULL, NULL),
(869, '213', 'MARCEAU', 'Eloïse', 'O', 'O', 'O', 'O', 460, 'Blanc', 10, 4.00, 40.00, 40.00),
(870, '213', 'ORTIZ', 'Sarah', 'O', 'O', 'O', 'O', 529, 'Rouge', 7, 1.00, 7.00, 7.00),
(871, '213', 'PAUZAT', 'Charline', 'O', 'O', 'O', 'O', 544, 'Rouge', 8, 1.00, 8.00, 8.00),
(872, '213', 'PINEAU', 'Léa', 'O', 'O', 'O', 'O', 562, 'Rouge', NULL, NULL, NULL, NULL),
(873, '213', 'PLANCHOT', 'Jason', 'V', 'N', 'N', 'N', 567, 'Rouge', NULL, NULL, NULL, NULL),
(874, '213', 'PLICHON', 'Lucas', 'N', NULL, NULL, NULL, NULL, NULL, NULL, NULL, NULL, NULL),
(875, '213', 'SAID', 'Latifa', 'O', 'O', 'O', 'O', 621, 'Vert', NULL, NULL, NULL, NULL),
(876, '213', 'SEVELINGE', 'Marie', 'N', NULL, NULL, NULL, NULL, NULL, NULL, NULL, NULL, NULL),
(877, '213', 'SPEISSER', 'Perrine', 'V', 'N', 'N', 'N', 638, 'Vert', NULL, NULL, NULL, NULL),
(878, '213', 'SUIRE', 'Pierre', 'V', 'N', 'N', 'N', 641, 'Vert', NULL, NULL, NULL, NULL),
(879, '213', 'TRIBOT', 'Guillaume', 'N', NULL, NULL, NULL, NULL, NULL, NULL, NULL, NULL, NULL),
(880, '213', 'VALLEE', 'Hugo', 'N', NULL, NULL, NULL, NULL, NULL, NULL, NULL, NULL, NULL),
(881, '213', 'VILLEROY', 'Emma', 'O', 'O', 'O', 'O', 677, 'Vert', 7, 1.00, 7.00, 7.00),
(882, '213', 'ZENON', 'Théau', 'V', 'N', 'N', 'N', 681, 'Vert', NULL, NULL, NULL, NULL),
(883, 'TES1', 'ARRIVE', 'Ambre', 'N', NULL, NULL, NULL, NULL, NULL, NULL, NULL, NULL, NULL),
(884, 'TES1', 'ASLANIDIS', 'Louise', 'N', NULL, NULL, NULL, NULL, NULL, NULL, NULL, NULL, NULL),
(885, 'TES1', 'ASSAOUI', 'Inès', 'N', NULL, NULL, NULL, NULL, NULL, NULL, NULL, NULL, NULL),
(886, 'TES1', 'AUDINEAU', 'Éloise', 'N', NULL, NULL, NULL, NULL, NULL, NULL, NULL, NULL, NULL),
(887, 'TES1', 'BALDILLOU', 'Alexandre', 'N', NULL, NULL, NULL, NULL, NULL, NULL, NULL, NULL, NULL),
(888, 'TES1', 'BAZIN', 'Simon', 'N', NULL, NULL, NULL, NULL, NULL, NULL, NULL, NULL, NULL),
(889, 'TES1', 'BEAUMONT', 'Mathilde', 'N', NULL, NULL, NULL, NULL, NULL, NULL, NULL, NULL, NULL),
(890, 'TES1', 'CAMPODARVE PUENTE', 'Charlotte', 'N', NULL, NULL, NULL, NULL, NULL, NULL, NULL, NULL, NULL),
(891, 'TES1', 'CHAVY', 'Vincent', 'N', NULL, NULL, NULL, NULL, NULL, NULL, NULL, NULL, NULL),
(892, 'TES1', 'CROIZE-SANZEE', 'Nicolas', 'V', 'N', 'N', 'N', 181, 'Vert', 11, 4.00, 44.00, NULL),
(893, 'TES1', 'DAUTHEVILLE', 'Thibault', 'V', 'N', 'N', 'N', 195, 'Vert', NULL, NULL, NULL, NULL),
(894, 'TES1', 'DAVID', 'Tanguy', 'N', NULL, NULL, NULL, NULL, NULL, NULL, NULL, NULL, NULL),
(895, 'TES1', 'DELIGAND', 'Laura', 'V', 'N', 'N', 'N', 213, 'Bleu', 11, 14.50, 159.50, 159.50),
(896, 'TES1', 'DESMARETS', 'Louis', 'N', NULL, NULL, NULL, NULL, NULL, NULL, NULL, NULL, NULL),
(897, 'TES1', 'DURAND', 'Jean', 'N', NULL, NULL, NULL, NULL, NULL, NULL, NULL, NULL, NULL),
(898, 'TES1', 'GOURSAUD', 'Emma', 'N', NULL, NULL, NULL, NULL, NULL, NULL, NULL, NULL, NULL),
(899, 'TES1', 'GUILLAUD', 'Amélie', 'N', NULL, NULL, NULL, NULL, NULL, NULL, NULL, NULL, NULL),
(900, 'TES1', 'HUSSENET', 'Tiffany', 'N', NULL, NULL, NULL, NULL, NULL, NULL, NULL, NULL, NULL),
(901, 'TES1', 'JEAN', 'Victor', 'N', NULL, NULL, NULL, NULL, NULL, NULL, NULL, NULL, NULL),
(902, 'TES1', 'JULLIAN', 'Benoit', 'N', NULL, NULL, NULL, NULL, NULL, NULL, NULL, NULL, NULL),
(903, 'TES1', 'LANDEMARD', 'Mathilde', 'V', 'N', 'N', 'N', 392, 'Jaune', 9, 2.70, 24.30, 30.00),
(904, 'TES1', 'LESADE', 'Charlotte', 'N', NULL, NULL, NULL, NULL, NULL, NULL, NULL, NULL, NULL),
(905, 'TES1', 'LOUIS', 'Rozenn', 'N', NULL, NULL, NULL, NULL, NULL, NULL, NULL, NULL, NULL),
(906, 'TES1', 'MASSÉ', 'Thibault', 'N', NULL, NULL, NULL, NULL, NULL, NULL, NULL, NULL, NULL),
(907, 'TES1', 'MERLET', 'Pierre-Louis', 'N', NULL, NULL, NULL, NULL, NULL, NULL, NULL, NULL, NULL),
(908, 'TES1', 'MIRE', 'Marine', 'N', NULL, NULL, NULL, NULL, NULL, NULL, NULL, NULL, NULL),
(909, 'TES1', 'MONGONDRY', 'Théo', 'N', NULL, NULL, NULL, NULL, NULL, NULL, NULL, NULL, NULL),
(910, 'TES1', 'NOGUEIRA', 'Juliette', 'N', NULL, NULL, NULL, NULL, NULL, NULL, NULL, NULL, NULL),
(911, 'TES1', 'PARRA', 'Julie', 'N', NULL, NULL, NULL, NULL, NULL, NULL, NULL, NULL, NULL),
(912, 'TES1', 'PERLADE', 'Salomé', 'N', NULL, NULL, NULL, NULL, NULL, NULL, NULL, NULL, NULL),
(913, 'TES1', 'PIETERS', 'Kélian', 'V', 'N', 'N', 'N', 558, 'Rouge', NULL, NULL, NULL, NULL),
(914, 'TES1', 'PIVETEAU', 'Miguel', 'N', NULL, NULL, NULL, NULL, NULL, NULL, NULL, NULL, NULL),
(915, 'TES1', 'POTUT', 'Georgia', 'N', NULL, NULL, NULL, NULL, NULL, NULL, NULL, NULL, NULL),
(916, 'TES1', 'SA ARAUJO', 'Théo', 'N', NULL, NULL, NULL, NULL, NULL, NULL, NULL, NULL, NULL),
(917, 'TES1', 'TRIBOT', 'Maxime', 'N', NULL, NULL, NULL, NULL, NULL, NULL, NULL, NULL, NULL),
(918, 'TES2', 'BELLIVIER', 'Alyssia', 'N', NULL, NULL, NULL, NULL, NULL, NULL, NULL, NULL, NULL),
(919, 'TES2', 'BINET', 'Charlyne', 'N', NULL, NULL, NULL, NULL, NULL, NULL, NULL, NULL, NULL),
(920, 'TES2', 'BUREAU', 'Maëlys', 'N', NULL, NULL, NULL, NULL, NULL, NULL, NULL, NULL, NULL),
(921, 'TES2', 'COPERTINO', 'Amandine', 'N', NULL, NULL, NULL, NULL, NULL, NULL, NULL, NULL, NULL),
(922, 'TES2', 'DUBOIS', 'Justine', 'N', NULL, NULL, NULL, NULL, NULL, NULL, NULL, NULL, NULL),
(923, 'TES2', 'DURAND', 'Djoyce', 'N', NULL, NULL, NULL, NULL, NULL, NULL, NULL, NULL, NULL),
(924, 'TES2', 'GUIBERT', 'Théo', 'N', NULL, NULL, NULL, NULL, NULL, NULL, NULL, NULL, NULL),
(925, 'TES2', 'GUILLON', 'Morgane', 'N', NULL, NULL, NULL, NULL, NULL, NULL, NULL, NULL, NULL),
(926, 'TES2', 'KAYA', 'Ceyda', 'N', NULL, NULL, NULL, NULL, NULL, NULL, NULL, NULL, NULL),
(927, 'TES2', 'KHECHAÏ', 'Fella', 'N', NULL, NULL, NULL, NULL, NULL, NULL, NULL, NULL, NULL),
(928, 'TES2', 'KRIM', 'Abdelaziz', 'N', NULL, NULL, NULL, NULL, NULL, NULL, NULL, NULL, NULL),
(929, 'TES2', 'LIENHART', 'Ilona', 'N', NULL, NULL, NULL, NULL, NULL, NULL, NULL, NULL, NULL),
(930, 'TES2', 'LOUF', 'Élisa', 'O', 'O', 'O', 'O', 721, NULL, 9, 3.70, 33.30, 33.30),
(931, 'TES2', 'MARET', 'Emmanuelle', 'N', NULL, NULL, NULL, NULL, NULL, NULL, NULL, NULL, NULL),
(932, 'TES2', 'MARVAUD', 'Solène', 'O', 'O', 'O', 'O', 722, NULL, 8, 2.00, 16.00, 16.00),
(933, 'TES2', 'MASSONNEAU', 'Emma', 'N', NULL, NULL, NULL, NULL, NULL, NULL, NULL, NULL, NULL),
(934, 'TES2', 'MAURIN', 'Manon', 'N', NULL, NULL, NULL, NULL, NULL, NULL, NULL, NULL, NULL),
(935, 'TES2', 'MINEAU', 'Solène', 'N', NULL, NULL, NULL, NULL, NULL, NULL, NULL, NULL, NULL),
(936, 'TES2', 'MIRC', 'Vincent', 'N', NULL, NULL, NULL, NULL, NULL, NULL, NULL, NULL, NULL),
(937, 'TES2', 'MORISSON', 'Thibaut', 'N', NULL, NULL, NULL, NULL, NULL, NULL, NULL, NULL, NULL),
(938, 'TES2', 'OMRI', 'Mohamed', 'N', NULL, NULL, NULL, NULL, NULL, NULL, NULL, NULL, NULL),
(939, 'TES2', 'OMRI', 'Najoua', 'N', NULL, NULL, NULL, NULL, NULL, NULL, NULL, NULL, NULL),
(940, 'TES2', 'PAVARD', 'Emma', 'N', NULL, NULL, NULL, NULL, NULL, NULL, NULL, NULL, NULL),
(941, 'TES2', 'PENIS-BRAUD', 'Manon', 'N', NULL, NULL, NULL, NULL, NULL, NULL, NULL, NULL, NULL),
(942, 'TES2', 'PERRAULT', 'Naomi', 'N', NULL, NULL, NULL, NULL, NULL, NULL, NULL, NULL, NULL),
(943, 'TES2', 'PETEERS', 'Manon', 'N', NULL, NULL, NULL, NULL, NULL, NULL, NULL, NULL, NULL),
(944, 'TES2', 'PROST', 'Fabien', 'N', NULL, NULL, NULL, NULL, NULL, NULL, NULL, NULL, NULL),
(945, 'TES2', 'PRUVOST', 'Morgane', 'N', NULL, NULL, NULL, NULL, NULL, NULL, NULL, NULL, NULL),
(946, 'TES2', 'RIGONDEAUD', 'Titouan', 'N', NULL, NULL, NULL, NULL, NULL, NULL, NULL, NULL, NULL),
(947, 'TES2', 'ROSSIGNOL', 'Linaël', 'N', NULL, NULL, NULL, NULL, NULL, NULL, NULL, NULL, NULL),
(948, 'TES2', 'ROUSSEAU', 'Lauris', 'N', NULL, NULL, NULL, NULL, NULL, NULL, NULL, NULL, NULL),
(949, 'TES2', 'SANTIER', 'Ophélie', 'N', NULL, NULL, NULL, NULL, NULL, NULL, NULL, NULL, NULL),
(950, 'TES2', 'SILVA', 'Catarina', 'N', NULL, NULL, NULL, NULL, NULL, NULL, NULL, NULL, NULL),
(951, 'TES2', 'SIMONNET', 'Karen', 'N', NULL, NULL, NULL, NULL, NULL, NULL, NULL, NULL, NULL),
(952, 'TES2', 'VIEIRA', 'Jordan', 'N', NULL, NULL, NULL, NULL, NULL, NULL, NULL, NULL, NULL),
(953, 'TES3', 'BARBARIN', 'Gwendoline', 'N', NULL, NULL, NULL, NULL, NULL, NULL, NULL, NULL, NULL),
(954, 'TES3', 'BELLEC', 'Gabriel', 'N', NULL, NULL, NULL, NULL, NULL, NULL, NULL, NULL, NULL),
(955, 'TES3', 'BENTAYEB', 'Mehdi', 'N', NULL, NULL, NULL, NULL, NULL, NULL, NULL, NULL, NULL),
(956, 'TES3', 'BEQUET', 'Amber', 'N', NULL, NULL, NULL, NULL, NULL, NULL, NULL, NULL, NULL),
(957, 'TES3', 'BEYS', 'Rayan', 'N', NULL, NULL, NULL, NULL, NULL, NULL, NULL, NULL, NULL),
(958, 'TES3', 'BRACQ', 'Laurane', 'N', NULL, NULL, NULL, NULL, NULL, NULL, NULL, NULL, NULL),
(959, 'TES3', 'BRENAC', 'Laura', 'N', NULL, NULL, NULL, NULL, NULL, NULL, NULL, NULL, NULL),
(960, 'TES3', 'CHAILLOUX', 'Colline', 'N', NULL, NULL, NULL, NULL, NULL, NULL, NULL, NULL, NULL),
(961, 'TES3', 'CHUSSEAU', 'Maxence', 'N', NULL, NULL, NULL, NULL, NULL, NULL, NULL, NULL, NULL),
(962, 'TES3', 'CIROU', 'Hannah', 'N', NULL, NULL, NULL, NULL, NULL, NULL, NULL, NULL, NULL),
(963, 'TES3', 'COCHIN', 'Julie', 'N', NULL, NULL, NULL, NULL, NULL, NULL, NULL, NULL, NULL),
(964, 'TES3', 'COMTE', 'Célia', 'N', NULL, NULL, NULL, NULL, NULL, NULL, NULL, NULL, NULL),
(965, 'TES3', 'CZUBKOWSKI', 'Antoine', 'N', NULL, NULL, NULL, NULL, NULL, NULL, NULL, NULL, NULL),
(966, 'TES3', 'DAVID', 'Thomas', 'N', NULL, NULL, NULL, NULL, NULL, NULL, NULL, NULL, NULL),
(967, 'TES3', 'DE LAPARRE DE ST SERNIN', 'Marguerite-Marie', 'N', NULL, NULL, NULL, NULL, NULL, NULL, NULL, NULL, NULL),
(968, 'TES3', 'DEBLATON', 'Clara', 'N', NULL, NULL, NULL, NULL, NULL, NULL, NULL, NULL, NULL),
(969, 'TES3', 'DECROOCQ', 'Jade', 'N', NULL, NULL, NULL, NULL, NULL, NULL, NULL, NULL, NULL),
(970, 'TES3', 'DELAUNAY', 'Laure', 'N', NULL, NULL, NULL, NULL, NULL, NULL, NULL, NULL, NULL),
(971, 'TES3', 'DEMONSAIS', 'Manon', 'N', NULL, NULL, NULL, NULL, NULL, NULL, NULL, NULL, NULL),
(972, 'TES3', 'DRIANCOURT', 'Rémi', 'N', NULL, NULL, NULL, NULL, NULL, NULL, NULL, NULL, NULL),
(973, 'TES3', 'DUVERGER', 'Théo', 'N', NULL, NULL, NULL, NULL, NULL, NULL, NULL, NULL, NULL),
(974, 'TES3', 'GAITÉE', 'Ilona', 'N', NULL, NULL, NULL, NULL, NULL, NULL, NULL, NULL, NULL),
(975, 'TES3', 'GENCE', 'Aurélien', 'N', NULL, NULL, NULL, NULL, NULL, NULL, NULL, NULL, NULL),
(976, 'TES3', 'GUERRY', 'Anaïs', 'N', NULL, NULL, NULL, NULL, NULL, NULL, NULL, NULL, NULL),
(977, 'TES3', 'HILLION', 'Morgane', 'N', NULL, NULL, NULL, NULL, NULL, NULL, NULL, NULL, NULL),
(978, 'TES3', 'LECLERCQ', 'Emilie', 'N', NULL, NULL, NULL, NULL, NULL, NULL, NULL, NULL, NULL),
(979, 'TES3', 'LENEVEU', 'Alexia', 'N', NULL, NULL, NULL, NULL, NULL, NULL, NULL, NULL, NULL),
(980, 'TES3', 'LERONDEL', 'Lucas', 'N', NULL, NULL, NULL, NULL, NULL, NULL, NULL, NULL, NULL),
(981, 'TES3', 'MIAUD', 'Lucinda', 'N', NULL, NULL, NULL, NULL, NULL, NULL, NULL, NULL, NULL),
(982, 'TES3', 'MICHAUD', 'Pauline', 'N', NULL, NULL, NULL, NULL, NULL, NULL, NULL, NULL, NULL),
(983, 'TES3', 'MICHAUD', 'Coralie', 'N', NULL, NULL, NULL, NULL, NULL, NULL, NULL, NULL, NULL),
(984, 'TES3', 'NGUYEN', 'Tony', 'N', NULL, NULL, NULL, NULL, NULL, NULL, NULL, NULL, NULL),
(985, 'TES3', 'PEREIRA DE JESUS', 'Audrey', 'N', NULL, NULL, NULL, NULL, NULL, NULL, NULL, NULL, NULL),
(986, 'TES3', 'PERRAYON', 'Cécile', 'N', NULL, NULL, NULL, NULL, NULL, NULL, NULL, NULL, NULL),
(987, 'TES3', 'SAGAN', 'Arthur', 'V', 'N', 'N', 'N', 620, 'Vert', NULL, NULL, NULL, NULL),
(988, 'TES4', 'BIBENT', 'Éléa', 'N', NULL, NULL, NULL, NULL, NULL, NULL, NULL, NULL, NULL),
(989, 'TES4', 'BILLEAU', 'Kévin', 'N', NULL, NULL, NULL, NULL, NULL, NULL, NULL, NULL, NULL),
(990, 'TES4', 'BONNET', 'Margaux', 'N', NULL, NULL, NULL, NULL, NULL, NULL, NULL, NULL, NULL),
(991, 'TES4', 'BOUËT', 'Hugo', 'N', NULL, NULL, NULL, NULL, NULL, NULL, NULL, NULL, NULL),
(992, 'TES4', 'BOURHIS', 'Maureen', 'N', NULL, NULL, NULL, NULL, NULL, NULL, NULL, NULL, NULL),
(993, 'TES4', 'BRANGER', 'Clément', 'N', NULL, NULL, NULL, NULL, NULL, NULL, NULL, NULL, NULL),
(994, 'TES4', 'BRASSIER', 'Paco', 'N', NULL, NULL, NULL, NULL, NULL, NULL, NULL, NULL, NULL),
(995, 'TES4', 'CADILLON', 'Laura', 'N', NULL, NULL, NULL, NULL, NULL, NULL, NULL, NULL, NULL),
(996, 'TES4', 'CAPDEVILLE', 'Angélique', 'N', NULL, NULL, NULL, NULL, NULL, NULL, NULL, NULL, NULL),
(997, 'TES4', 'CHATEAU', 'Younes', 'N', NULL, NULL, NULL, NULL, NULL, NULL, NULL, NULL, NULL),
(998, 'TES4', 'DESILLE', 'Angèle', 'N', NULL, NULL, NULL, NULL, NULL, NULL, NULL, NULL, NULL),
(999, 'TES4', 'DUCROIT', 'Sarah', 'N', NULL, NULL, NULL, NULL, NULL, NULL, NULL, NULL, NULL),
(1000, 'TES4', 'DUFOUR', 'Mathilde', 'N', NULL, NULL, NULL, NULL, NULL, NULL, NULL, NULL, NULL),
(1001, 'TES4', 'FRECHEDE', 'Arno', 'N', NULL, NULL, NULL, NULL, NULL, NULL, NULL, NULL, NULL),
(1002, 'TES4', 'GATEPAILLE', 'Clément', 'N', NULL, NULL, NULL, NULL, NULL, NULL, NULL, NULL, NULL),
(1003, 'TES4', 'GLEMAIN', 'Thomas', 'N', NULL, NULL, NULL, NULL, NULL, NULL, NULL, NULL, NULL),
(1004, 'TES4', 'GUILLET', 'Jules', 'N', NULL, NULL, NULL, NULL, NULL, NULL, NULL, NULL, NULL),
(1005, 'TES4', 'HAIE', 'Bryan', 'N', NULL, NULL, NULL, NULL, NULL, NULL, NULL, NULL, NULL),
(1006, 'TES4', 'HARRIS', 'Claudia', 'N', NULL, NULL, NULL, NULL, NULL, NULL, NULL, NULL, NULL),
(1007, 'TES4', 'ILLY', 'Zoé', 'O', 'O', 'O', 'O', 715, NULL, 8, 3.50, 28.00, 30.00),
(1008, 'TES4', 'JAUCOURT-PERROY', 'Elisa', 'N', NULL, NULL, NULL, NULL, NULL, NULL, NULL, NULL, NULL),
(1009, 'TES4', 'KRUPPA', 'Raphael', 'N', NULL, NULL, NULL, NULL, NULL, NULL, NULL, NULL, NULL),
(1010, 'TES4', 'LATIMIER', 'Adèle', 'N', NULL, NULL, NULL, NULL, NULL, NULL, NULL, NULL, NULL),
(1011, 'TES4', 'LAVOIE', 'Stacy', 'N', NULL, NULL, NULL, NULL, NULL, NULL, NULL, NULL, NULL),
(1012, 'TES4', 'MARTINEAU', 'Valentin', 'N', NULL, NULL, NULL, NULL, NULL, NULL, NULL, NULL, NULL),
(1013, 'TES4', 'PELISSON', 'Baptiste', 'N', NULL, NULL, NULL, NULL, NULL, NULL, NULL, NULL, NULL),
(1014, 'TES4', 'PREVOST', 'Coline', 'O', 'O', 'O', 'O', 716, NULL, 10, 8.00, 80.00, 80.00),
(1015, 'TES4', 'PRUDHOMME', 'Nathan', 'N', NULL, NULL, NULL, NULL, NULL, NULL, NULL, NULL, NULL),
(1016, 'TES4', 'RAMBEAU', 'Adeline', 'N', NULL, NULL, NULL, NULL, NULL, NULL, NULL, NULL, NULL),
(1017, 'TES4', 'REGEFFE', 'Antoine', 'N', NULL, NULL, NULL, NULL, NULL, NULL, NULL, NULL, NULL),
(1018, 'TES4', 'ROUHAUD', 'Julie', 'N', NULL, NULL, NULL, NULL, NULL, NULL, NULL, NULL, NULL),
(1019, 'TES4', 'SABOURAULT', 'Paul', 'O', 'O', 'O', 'O', 714, NULL, 14, 1.50, 21.00, 21.00),
(1020, 'TES4', 'SCHEFFER', 'Laurène', 'N', NULL, NULL, NULL, NULL, NULL, NULL, NULL, NULL, NULL),
(1021, 'TES4', 'SUIRE', 'Rémi', 'N', NULL, NULL, NULL, NULL, NULL, NULL, NULL, NULL, NULL),
(1022, 'TES4', 'TEXIER', 'Alexandre', 'N', NULL, NULL, NULL, NULL, NULL, NULL, NULL, NULL, NULL),
(1023, 'TL1', 'BENSAÏD', 'Adil', 'N', NULL, NULL, NULL, NULL, NULL, NULL, NULL, NULL, NULL),
(1024, 'TL1', 'BOUFFARD', 'Anaelle', 'N', NULL, NULL, NULL, NULL, NULL, NULL, NULL, NULL, NULL),
(1025, 'TL1', 'BOURDAUDHUI', 'Lou-Anna', 'N', NULL, NULL, NULL, NULL, NULL, NULL, NULL, NULL, NULL),
(1026, 'TL1', 'CLEMENCEAU', 'Florent', 'N', NULL, NULL, NULL, NULL, NULL, NULL, NULL, NULL, NULL),
(1027, 'TL1', 'DANTON-BOUVIER', 'Camille', 'N', NULL, NULL, NULL, NULL, NULL, NULL, NULL, NULL, NULL),
(1028, 'TL1', 'DELACOSTE', 'Thibault', 'N', NULL, NULL, NULL, NULL, NULL, NULL, NULL, NULL, NULL),
(1029, 'TL1', 'DESGREE', 'Léna', 'N', NULL, NULL, NULL, NULL, NULL, NULL, NULL, NULL, NULL),
(1030, 'TL1', 'DURAND', 'Salomé', 'N', NULL, NULL, NULL, NULL, NULL, NULL, NULL, NULL, NULL),
(1031, 'TL1', 'ERABLE', 'Rose', 'N', NULL, NULL, NULL, NULL, NULL, NULL, NULL, NULL, NULL),
(1032, 'TL1', 'GODIN', 'Orlane', 'N', NULL, NULL, NULL, NULL, NULL, NULL, NULL, NULL, NULL),
(1033, 'TL1', 'HODE', 'Louise', 'N', NULL, NULL, NULL, NULL, NULL, NULL, NULL, NULL, NULL),
(1034, 'TL1', 'LAPROYE', 'Margaux', 'N', NULL, NULL, NULL, NULL, NULL, NULL, NULL, NULL, NULL),
(1035, 'TL1', 'LEGRAND-GEFFARD', 'Juliette', 'N', NULL, NULL, NULL, NULL, NULL, NULL, NULL, NULL, NULL),
(1036, 'TL1', 'LESCART', 'Nathan', 'N', NULL, NULL, NULL, NULL, NULL, NULL, NULL, NULL, NULL),
(1037, 'TL1', 'MASAMBE DZANDEMENE', 'Djenne', 'N', NULL, NULL, NULL, NULL, NULL, NULL, NULL, NULL, NULL),
(1038, 'TL1', 'MECHIN-DRAGAUD', 'Flavie', 'N', NULL, NULL, NULL, NULL, NULL, NULL, NULL, NULL, NULL),
(1039, 'TL1', 'MONGELLAZ', 'Auriane', 'N', NULL, NULL, NULL, NULL, NULL, NULL, NULL, NULL, NULL),
(1040, 'TL1', 'MOREL', 'Clara', 'N', NULL, NULL, NULL, NULL, NULL, NULL, NULL, NULL, NULL),
(1041, 'TL1', 'PENAGUIN', 'Max', 'N', NULL, NULL, NULL, NULL, NULL, NULL, NULL, NULL, NULL),
(1042, 'TL1', 'PERRON', 'Timothée', 'N', NULL, NULL, NULL, NULL, NULL, NULL, NULL, NULL, NULL),
(1043, 'TL1', 'PETIT', 'Noémie', 'N', NULL, NULL, NULL, NULL, NULL, NULL, NULL, NULL, NULL),
(1044, 'TL1', 'PETITFILS', 'Mélanie', 'N', NULL, NULL, NULL, NULL, NULL, NULL, NULL, NULL, NULL),
(1045, 'TL1', 'PICHOT', 'Léa', 'N', NULL, NULL, NULL, NULL, NULL, NULL, NULL, NULL, NULL),
(1046, 'TL1', 'POISSY', 'Camille', 'N', NULL, NULL, NULL, NULL, NULL, NULL, NULL, NULL, NULL),
(1047, 'TL1', 'PUYGRENIER', 'Quentin', 'V', 'N', 'N', 'N', 583, 'Rouge', NULL, NULL, NULL, NULL),
(1048, 'TL1', 'ROYER', 'Romain', 'N', NULL, NULL, NULL, NULL, NULL, NULL, NULL, NULL, NULL),
(1049, 'TL1', 'SARRAZIN', 'Morgane', 'N', NULL, NULL, NULL, NULL, NULL, NULL, NULL, NULL, NULL),
(1050, 'TL1', 'SAUVAGET', 'Laura', 'N', NULL, NULL, NULL, NULL, NULL, NULL, NULL, NULL, NULL),
(1051, 'TL1', 'SOLBES', 'Diane', 'N', NULL, NULL, NULL, NULL, NULL, NULL, NULL, NULL, NULL),
(1052, 'TL1', 'STREIT', 'Mathéo', 'N', NULL, NULL, NULL, NULL, NULL, NULL, NULL, NULL, NULL),
(1053, 'TL1', 'TOUVRON', 'Anna', 'N', NULL, NULL, NULL, NULL, NULL, NULL, NULL, NULL, NULL),
(1054, 'TL1', 'VERNEY', 'Schelsea', 'N', NULL, NULL, NULL, NULL, NULL, NULL, NULL, NULL, NULL),
(1055, 'TL1', 'VITU', 'Camille', 'N', NULL, NULL, NULL, NULL, NULL, NULL, NULL, NULL, NULL),
(1056, 'TL2', 'ALLAIRE', 'Yoann', 'N', NULL, NULL, NULL, NULL, NULL, NULL, NULL, NULL, NULL),
(1057, 'TL2', 'ALLEAU', 'Salomé', 'N', NULL, NULL, NULL, NULL, NULL, NULL, NULL, NULL, NULL),
(1058, 'TL2', 'DAGOIS', 'Estelle', 'N', NULL, NULL, NULL, NULL, NULL, NULL, NULL, NULL, NULL),
(1059, 'TL2', 'DIDIER', 'Malika', 'N', NULL, NULL, NULL, NULL, NULL, NULL, NULL, NULL, NULL),
(1060, 'TL2', 'DUCLOS', 'Sarah', 'N', NULL, NULL, NULL, NULL, NULL, NULL, NULL, NULL, NULL),
(1061, 'TL2', 'DUPERRE', 'Florian', 'N', NULL, NULL, NULL, NULL, NULL, NULL, NULL, NULL, NULL),
(1062, 'TL2', 'ESCALADA-SANCHEZ', 'Elena', 'N', NULL, NULL, NULL, NULL, NULL, NULL, NULL, NULL, NULL),
(1063, 'TL2', 'GROUS', 'Justine', 'N', NULL, NULL, NULL, NULL, NULL, NULL, NULL, NULL, NULL),
(1064, 'TL2', 'GUITTONNEAU', 'Ines', 'N', NULL, NULL, NULL, NULL, NULL, NULL, NULL, NULL, NULL),
(1065, 'TL2', 'HAMIOT', 'Charlotte', 'N', NULL, NULL, NULL, NULL, NULL, NULL, NULL, NULL, NULL),
(1066, 'TL2', 'LOEDEC', 'Lysa', 'N', NULL, NULL, NULL, NULL, NULL, NULL, NULL, NULL, NULL),
(1067, 'TL2', 'MAGHNI', 'Soumaya', 'N', NULL, NULL, NULL, NULL, NULL, NULL, NULL, NULL, NULL),
(1068, 'TL2', 'MARTIN', 'Julia', 'N', NULL, NULL, NULL, NULL, NULL, NULL, NULL, NULL, NULL),
(1069, 'TL2', 'MATHONNEAU', 'Clémence', 'N', NULL, NULL, NULL, NULL, NULL, NULL, NULL, NULL, NULL),
(1070, 'TL2', 'NICOLAS', 'Camille', 'N', NULL, NULL, NULL, NULL, NULL, NULL, NULL, NULL, NULL),
(1071, 'TL2', 'PASSILLY', 'Léa', 'N', NULL, NULL, NULL, NULL, NULL, NULL, NULL, NULL, NULL),
(1072, 'TL2', 'PETER', 'Pauline', 'N', NULL, NULL, NULL, NULL, NULL, NULL, NULL, NULL, NULL),
(1073, 'TL2', 'PIERRE', 'Manon', 'N', NULL, NULL, NULL, NULL, NULL, NULL, NULL, NULL, NULL),
(1074, 'TL2', 'PINTO SERRA', 'Fabiana', 'N', NULL, NULL, NULL, NULL, NULL, NULL, NULL, NULL, NULL),
(1075, 'TL2', 'RAGOT', 'Théodore', 'N', NULL, NULL, NULL, NULL, NULL, NULL, NULL, NULL, NULL),
(1076, 'TL2', 'RIGUTTO', 'Camille', 'N', NULL, NULL, NULL, NULL, NULL, NULL, NULL, NULL, NULL),
(1077, 'TL2', 'TACYKIEWICZ', 'Emma', 'N', NULL, NULL, NULL, NULL, NULL, NULL, NULL, NULL, NULL),
(1078, 'TL2', 'TOUSSAINT', 'Garance', 'N', NULL, NULL, NULL, NULL, NULL, NULL, NULL, NULL, NULL),
(1079, 'TL2', 'VERGNAUD', 'Clément', 'N', NULL, NULL, NULL, NULL, NULL, NULL, NULL, NULL, NULL),
(1080, 'TS1', 'BECK', 'Hugo', 'N', NULL, NULL, NULL, NULL, NULL, NULL, NULL, NULL, NULL),
(1081, 'TS1', 'BERTRAND', 'Lisa', 'N', NULL, NULL, NULL, NULL, NULL, NULL, NULL, NULL, NULL),
(1082, 'TS1', 'BORE', 'Simon', 'N', NULL, NULL, NULL, NULL, NULL, NULL, NULL, NULL, NULL),
(1083, 'TS1', 'BOURREAU', 'Axel', 'N', NULL, NULL, NULL, NULL, NULL, NULL, NULL, NULL, NULL),
(1084, 'TS1', 'BRIDOUX', 'Simon', 'N', NULL, NULL, NULL, NULL, NULL, NULL, NULL, NULL, NULL),
(1085, 'TS1', 'CHARROING', 'Victor', 'V', 'N', 'N', 'N', 153, 'Vert', NULL, NULL, NULL, NULL),
(1086, 'TS1', 'CHOURRIER', 'Gabriel', 'N', NULL, NULL, NULL, NULL, NULL, NULL, NULL, NULL, NULL);
INSERT INTO `PARTICIPANTS` (`NO_PARTICIPANT`, `ID_CLASSE`, `NOM`, `PRENOM`, `INSCRIT`, `AUTORISATION`, `DROIT_IMAGE`, `DOSSIER`, `DOSSARD`, `COULEUR`, `KMPARCOURUS`, `PROMESSE`, `MONTANT`, `MTREEL`) VALUES
(1087, 'TS1', 'CLOCHARD', 'Elie', 'N', NULL, NULL, NULL, NULL, NULL, NULL, NULL, NULL, NULL),
(1088, 'TS1', 'CLOET', 'Juline', 'N', NULL, NULL, NULL, NULL, NULL, NULL, NULL, NULL, NULL),
(1089, 'TS1', 'DAVID', 'Basile', 'N', NULL, NULL, NULL, NULL, NULL, NULL, NULL, NULL, NULL),
(1090, 'TS1', 'DECLOEDT', 'Océane', 'N', NULL, NULL, NULL, NULL, NULL, NULL, NULL, NULL, NULL),
(1091, 'TS1', 'DESCAMPS', 'Amandine', 'N', NULL, NULL, NULL, NULL, NULL, NULL, NULL, NULL, NULL),
(1092, 'TS1', 'FLOCHON', 'Mathieu', 'N', NULL, NULL, NULL, NULL, NULL, NULL, NULL, NULL, NULL),
(1093, 'TS1', 'FOISSEY', 'Léa', 'N', NULL, NULL, NULL, NULL, NULL, NULL, NULL, NULL, NULL),
(1094, 'TS1', 'GASPAROTTO', 'Lisa', 'N', NULL, NULL, NULL, NULL, NULL, NULL, NULL, NULL, NULL),
(1095, 'TS1', 'GAUVIN', 'Lilian', 'O', 'O', 'O', 'O', 719, NULL, 15, 1.30, 19.50, NULL),
(1096, 'TS1', 'GRELET', 'Romane', 'N', NULL, NULL, NULL, NULL, NULL, NULL, NULL, NULL, NULL),
(1097, 'TS1', 'HARLAY', 'Tom', 'N', NULL, NULL, NULL, NULL, NULL, NULL, NULL, NULL, NULL),
(1098, 'TS1', 'JEGOU', 'Romain', 'N', NULL, NULL, NULL, NULL, NULL, NULL, NULL, NULL, NULL),
(1099, 'TS1', 'JOUAMAAI', 'Ladiba', 'N', NULL, NULL, NULL, NULL, NULL, NULL, NULL, NULL, NULL),
(1100, 'TS1', 'LAMY', 'Nicolas', 'N', NULL, NULL, NULL, NULL, NULL, NULL, NULL, NULL, NULL),
(1101, 'TS1', 'LIONNE', 'Maxime', 'V', 'N', 'N', 'N', 432, 'Blanc', NULL, NULL, NULL, NULL),
(1102, 'TS1', 'LOLMEDE', 'Edgar', 'V', 'N', 'N', 'N', 439, 'Blanc', NULL, NULL, NULL, NULL),
(1103, 'TS1', 'PAJOT', 'Virgil', 'N', NULL, NULL, NULL, NULL, NULL, NULL, NULL, NULL, NULL),
(1104, 'TS1', 'PARDELINHA', 'Chloé', 'N', NULL, NULL, NULL, NULL, NULL, NULL, NULL, NULL, NULL),
(1105, 'TS1', 'PUCHALSKI', 'Orlane', 'N', NULL, NULL, NULL, NULL, NULL, NULL, NULL, NULL, NULL),
(1106, 'TS1', 'ROCHERON', 'Bertile', 'N', NULL, NULL, NULL, NULL, NULL, NULL, NULL, NULL, NULL),
(1107, 'TS1', 'ROLAND', 'Antoine', 'N', NULL, NULL, NULL, NULL, NULL, NULL, NULL, NULL, NULL),
(1108, 'TS1', 'SANSON', 'Corentin', 'N', NULL, NULL, NULL, NULL, NULL, NULL, NULL, NULL, NULL),
(1109, 'TS1', 'SHVIRO', 'Oriane', 'N', NULL, NULL, NULL, NULL, NULL, NULL, NULL, NULL, NULL),
(1110, 'TS1', 'SOULARD', 'Chloé', 'N', NULL, NULL, NULL, NULL, NULL, NULL, NULL, NULL, NULL),
(1111, 'TS1', 'TAMBOURA', 'Samir', 'N', NULL, NULL, NULL, NULL, NULL, NULL, NULL, NULL, NULL),
(1112, 'TS1', 'THIBAUD', 'Tom', 'N', NULL, NULL, NULL, NULL, NULL, NULL, NULL, NULL, NULL),
(1113, 'TS1', 'VIROULAUD', 'Yohan', 'N', NULL, NULL, NULL, NULL, NULL, NULL, NULL, NULL, NULL),
(1114, 'TS1', 'WAILLY', 'Ysadora', 'N', NULL, NULL, NULL, NULL, NULL, NULL, NULL, NULL, NULL),
(1115, 'TS1', 'ZIMMERMANN', 'Nathan', 'N', NULL, NULL, NULL, NULL, NULL, NULL, NULL, NULL, NULL),
(1116, 'TS2', 'BEAUCOURT', 'Arnaud', 'N', NULL, NULL, NULL, NULL, NULL, NULL, NULL, NULL, NULL),
(1117, 'TS2', 'BERARD', 'Sarah', 'N', NULL, NULL, NULL, NULL, NULL, NULL, NULL, NULL, NULL),
(1118, 'TS2', 'BOUKRA', 'Soukaïna', 'N', NULL, NULL, NULL, NULL, NULL, NULL, NULL, NULL, NULL),
(1119, 'TS2', 'BOURDON', 'Maël', 'N', NULL, NULL, NULL, NULL, NULL, NULL, NULL, NULL, NULL),
(1120, 'TS2', 'DAVIAUD', 'Samuel', 'N', NULL, NULL, NULL, NULL, NULL, NULL, NULL, NULL, NULL),
(1121, 'TS2', 'DERLIQUE', 'Laura', 'V', 'N', 'N', 'N', 218, 'Bleu', 13, 17.00, 221.00, 106.00),
(1122, 'TS2', 'DROUART', 'Thylian', 'N', NULL, NULL, NULL, NULL, NULL, NULL, NULL, NULL, NULL),
(1123, 'TS2', 'DUVERGER', 'Amélie', 'N', NULL, NULL, NULL, NULL, NULL, NULL, NULL, NULL, NULL),
(1124, 'TS2', 'GAUDINEAU', 'Antoine', 'N', NULL, NULL, NULL, NULL, NULL, NULL, NULL, NULL, NULL),
(1125, 'TS2', 'GENDRON', 'Elodie', 'N', NULL, NULL, NULL, NULL, NULL, NULL, NULL, NULL, NULL),
(1126, 'TS2', 'GEORG', 'Virgil', 'N', NULL, NULL, NULL, NULL, NULL, NULL, NULL, NULL, NULL),
(1127, 'TS2', 'GERY', 'Gotti', 'N', NULL, NULL, NULL, NULL, NULL, NULL, NULL, NULL, NULL),
(1128, 'TS2', 'GLOD', 'Maxime', 'N', NULL, NULL, NULL, NULL, NULL, NULL, NULL, NULL, NULL),
(1129, 'TS2', 'GONTIER', 'Matéo', 'N', NULL, NULL, NULL, NULL, NULL, NULL, NULL, NULL, NULL),
(1130, 'TS2', 'HOFFMANN', 'Perrine', 'N', NULL, NULL, NULL, NULL, NULL, NULL, NULL, NULL, NULL),
(1131, 'TS2', 'JACOB', 'Inès', 'N', NULL, NULL, NULL, NULL, NULL, NULL, NULL, NULL, NULL),
(1132, 'TS2', 'JARSON', 'Emile', 'N', NULL, NULL, NULL, NULL, NULL, NULL, NULL, NULL, NULL),
(1133, 'TS2', 'JAULIN', 'Léa', 'N', NULL, NULL, NULL, NULL, NULL, NULL, NULL, NULL, NULL),
(1134, 'TS2', 'KOHLER', 'Isaure', 'N', NULL, NULL, NULL, NULL, NULL, NULL, NULL, NULL, NULL),
(1135, 'TS2', 'LAFAURIE', 'Mathieu', 'V', 'N', 'N', 'N', 383, 'Jaune', 10, 1.00, 10.00, NULL),
(1136, 'TS2', 'LAUNAY', 'Salomé', 'N', NULL, NULL, NULL, NULL, NULL, NULL, NULL, NULL, NULL),
(1137, 'TS2', 'LAVAUD', 'Nathan', 'V', 'N', 'N', 'N', 397, 'Jaune', NULL, NULL, NULL, NULL),
(1138, 'TS2', 'LE ROY', 'Simon', 'V', 'N', 'N', 'N', NULL, NULL, NULL, NULL, NULL, NULL),
(1139, 'TS2', 'MAZO', 'Ewen', 'O', 'O', 'O', 'O', 717, NULL, 14, 2.00, 28.00, 28.00),
(1140, 'TS2', 'MEUSNIER', 'Léa', 'N', NULL, NULL, NULL, NULL, NULL, NULL, NULL, NULL, NULL),
(1141, 'TS2', 'PATOUR', 'Brieg', 'O', 'O', 'O', 'O', 718, NULL, 12, 7.42, 89.04, 87.04),
(1142, 'TS2', 'PLACIER', 'Colin', 'N', NULL, NULL, NULL, NULL, NULL, NULL, NULL, NULL, NULL),
(1143, 'TS2', 'RAFFIN', 'Mathias', 'N', NULL, NULL, NULL, NULL, NULL, NULL, NULL, NULL, NULL),
(1144, 'TS2', 'RICHARD', 'Matthieu', 'N', NULL, NULL, NULL, NULL, NULL, NULL, NULL, NULL, NULL),
(1145, 'TS2', 'RIGONDAUD', 'Thibaud', 'N', NULL, NULL, NULL, NULL, NULL, NULL, NULL, NULL, NULL),
(1146, 'TS2', 'ROELANDT', 'Emma', 'N', NULL, NULL, NULL, NULL, NULL, NULL, NULL, NULL, NULL),
(1147, 'TS2', 'ROUGIER', 'Nada', 'N', NULL, NULL, NULL, NULL, NULL, NULL, NULL, NULL, NULL),
(1148, 'TS2', 'THOMAS', 'Enora', 'N', NULL, NULL, NULL, NULL, NULL, NULL, NULL, NULL, NULL),
(1149, 'TS2', 'VASSEUR', 'Hugo', 'N', NULL, NULL, NULL, NULL, NULL, NULL, NULL, NULL, NULL),
(1150, 'TS2', 'VERDON', 'Loane', 'N', NULL, NULL, NULL, NULL, NULL, NULL, NULL, NULL, NULL),
(1151, 'TS2', 'VIDREQUIN', 'Apolline', 'N', NULL, NULL, NULL, NULL, NULL, NULL, NULL, NULL, NULL),
(1152, 'TS2', 'WASMER', 'Jérémie', 'N', NULL, NULL, NULL, NULL, NULL, NULL, NULL, NULL, NULL),
(1153, 'TS3', 'ALBERTO', 'Bulle', 'N', NULL, NULL, NULL, NULL, NULL, NULL, NULL, NULL, NULL),
(1154, 'TS3', 'ANSEL', 'Chloé', 'N', NULL, NULL, NULL, NULL, NULL, NULL, NULL, NULL, NULL),
(1155, 'TS3', 'BARON', 'Clarence', 'N', NULL, NULL, NULL, NULL, NULL, NULL, NULL, NULL, NULL),
(1156, 'TS3', 'BENOIT', 'Olivier', 'N', NULL, NULL, NULL, NULL, NULL, NULL, NULL, NULL, NULL),
(1157, 'TS3', 'BEQUERET', 'Charly', 'N', NULL, NULL, NULL, NULL, NULL, NULL, NULL, NULL, NULL),
(1158, 'TS3', 'BERTRAND', 'Aurélien', 'V', 'N', 'N', 'N', 65, 'Rouge', NULL, NULL, NULL, NULL),
(1159, 'TS3', 'BODET--GARBAYE', 'Lucas', 'N', NULL, NULL, NULL, NULL, NULL, NULL, NULL, NULL, NULL),
(1160, 'TS3', 'CHEVAILLIER', 'Stanislas', 'N', NULL, NULL, NULL, NULL, NULL, NULL, NULL, NULL, NULL),
(1161, 'TS3', 'CLASSEAU', 'Maël', 'N', NULL, NULL, NULL, NULL, NULL, NULL, NULL, NULL, NULL),
(1162, 'TS3', 'COIN', 'Caroline', 'N', NULL, NULL, NULL, NULL, NULL, NULL, NULL, NULL, NULL),
(1163, 'TS3', 'DAUVOIS', 'Mélissa', 'N', NULL, NULL, NULL, NULL, NULL, NULL, NULL, NULL, NULL),
(1164, 'TS3', 'DECOUPIGNY', 'Antoine', 'N', NULL, NULL, NULL, NULL, NULL, NULL, NULL, NULL, NULL),
(1165, 'TS3', 'DEJOUR', 'Emma', 'N', NULL, NULL, NULL, NULL, NULL, NULL, NULL, NULL, NULL),
(1166, 'TS3', 'DORE', 'Trystan', 'N', NULL, NULL, NULL, NULL, NULL, NULL, NULL, NULL, NULL),
(1167, 'TS3', 'DUVAL-CHARMOT', 'Constance', 'N', NULL, NULL, NULL, NULL, NULL, NULL, NULL, NULL, NULL),
(1168, 'TS3', 'EMILY', 'Lucas', 'V', 'N', 'N', 'N', 253, 'Bleu', NULL, NULL, NULL, NULL),
(1169, 'TS3', 'FLECK', 'Sebastien', 'N', NULL, NULL, NULL, NULL, NULL, NULL, NULL, NULL, NULL),
(1170, 'TS3', 'FORTEAU', 'Lauriane', 'N', NULL, NULL, NULL, NULL, NULL, NULL, NULL, NULL, NULL),
(1171, 'TS3', 'JAUREGUIBEHERE', 'Juliette', 'N', NULL, NULL, NULL, NULL, NULL, NULL, NULL, NULL, NULL),
(1172, 'TS3', 'JIN', 'Valentin', 'N', NULL, NULL, NULL, NULL, NULL, NULL, NULL, NULL, NULL),
(1173, 'TS3', 'JOURNEAU', 'Zacharie', 'N', NULL, NULL, NULL, NULL, NULL, NULL, NULL, NULL, NULL),
(1174, 'TS3', 'LECOINTE', 'Sarah', 'V', 'N', 'N', 'N', 410, 'Blanc', NULL, NULL, NULL, NULL),
(1175, 'TS3', 'LEGROS', 'Chloé', 'N', NULL, NULL, NULL, NULL, NULL, NULL, NULL, NULL, NULL),
(1176, 'TS3', 'LEMIERE', 'Gaël', 'N', NULL, NULL, NULL, NULL, NULL, NULL, NULL, NULL, NULL),
(1177, 'TS3', 'LESCARRET', 'Marine', 'N', NULL, NULL, NULL, NULL, NULL, NULL, NULL, NULL, NULL),
(1178, 'TS3', 'MALGOUYRES', 'Adeline', 'N', NULL, NULL, NULL, NULL, NULL, NULL, NULL, NULL, NULL),
(1179, 'TS3', 'MARCAUD', 'Maxime', 'N', NULL, NULL, NULL, NULL, NULL, NULL, NULL, NULL, NULL),
(1180, 'TS3', 'NGUYEN-JACQUET', 'Anh', 'N', NULL, NULL, NULL, NULL, NULL, NULL, NULL, NULL, NULL),
(1181, 'TS3', 'ROUX', 'Théo', 'V', 'N', 'N', 'N', 614, 'Vert', NULL, NULL, NULL, NULL),
(1182, 'TS3', 'SEGUIN', 'Romane', 'N', NULL, NULL, NULL, NULL, NULL, NULL, NULL, NULL, NULL),
(1183, 'TS3', 'TARHAN', 'Ibrahim', 'V', 'N', 'N', 'N', 645, 'Vert', NULL, NULL, NULL, NULL),
(1184, 'TS3', 'THIEL', 'Gaspard', 'N', NULL, NULL, NULL, NULL, NULL, NULL, NULL, NULL, NULL),
(1185, 'TS3', 'TOURESSE', 'Jade', 'N', NULL, NULL, NULL, NULL, NULL, NULL, NULL, NULL, NULL),
(1186, 'TS3', 'VANDAL', 'Yann', 'V', 'N', 'N', 'N', 671, 'Vert', NULL, NULL, NULL, NULL),
(1187, 'TS3', 'VEDEAU', 'Camille', 'N', NULL, NULL, NULL, NULL, NULL, NULL, NULL, NULL, NULL),
(1188, 'TS3', 'VERRON', 'Camille', 'N', NULL, NULL, NULL, NULL, NULL, NULL, NULL, NULL, NULL),
(1189, 'TS4', 'ARCHAT', 'Léa', 'N', NULL, NULL, NULL, NULL, NULL, NULL, NULL, NULL, NULL),
(1190, 'TS4', 'BONNET', 'Morgane', 'N', NULL, NULL, NULL, NULL, NULL, NULL, NULL, NULL, NULL),
(1191, 'TS4', 'BOURSIER', 'Thomas', 'N', NULL, NULL, NULL, NULL, NULL, NULL, NULL, NULL, NULL),
(1192, 'TS4', 'BRETAUD', 'Florian', 'N', NULL, NULL, NULL, NULL, NULL, NULL, NULL, NULL, NULL),
(1193, 'TS4', 'BRIAND', 'Léo', 'N', NULL, NULL, NULL, NULL, NULL, NULL, NULL, NULL, NULL),
(1194, 'TS4', 'CHARTIER', 'Océane', 'N', NULL, NULL, NULL, NULL, NULL, NULL, NULL, NULL, NULL),
(1195, 'TS4', 'CHAZOTTES', 'Morgane', 'N', NULL, NULL, NULL, NULL, NULL, NULL, NULL, NULL, NULL),
(1196, 'TS4', 'CHENAVIER', 'Logan', 'N', NULL, NULL, NULL, NULL, NULL, NULL, NULL, NULL, NULL),
(1197, 'TS4', 'CHOPIN', 'Alice', 'N', NULL, NULL, NULL, NULL, NULL, NULL, NULL, NULL, NULL),
(1198, 'TS4', 'CLEMENT', 'Adrien', 'N', NULL, NULL, NULL, NULL, NULL, NULL, NULL, NULL, NULL),
(1199, 'TS4', 'COBRA BRANCO', 'Alice', 'N', NULL, NULL, NULL, NULL, NULL, NULL, NULL, NULL, NULL),
(1200, 'TS4', 'COURAUD', 'Jules', 'N', NULL, NULL, NULL, NULL, NULL, NULL, NULL, NULL, NULL),
(1201, 'TS4', 'DE SOUSA', 'Antoine', 'N', NULL, NULL, NULL, NULL, NULL, NULL, NULL, NULL, NULL),
(1202, 'TS4', 'DECOURCELLE', 'Auxane', 'N', NULL, NULL, NULL, NULL, NULL, NULL, NULL, NULL, NULL),
(1203, 'TS4', 'DIOP', 'Mademba', 'N', NULL, NULL, NULL, NULL, NULL, NULL, NULL, NULL, NULL),
(1204, 'TS4', 'DREY', 'Joséphine', 'N', NULL, NULL, NULL, NULL, NULL, NULL, NULL, NULL, NULL),
(1205, 'TS4', 'JOURNAUD', 'Loïc', 'N', NULL, NULL, NULL, NULL, NULL, NULL, NULL, NULL, NULL),
(1206, 'TS4', 'JULIEN', 'Clémence', 'N', NULL, NULL, NULL, NULL, NULL, NULL, NULL, NULL, NULL),
(1207, 'TS4', 'JURAMY', 'Jacques', 'N', NULL, NULL, NULL, NULL, NULL, NULL, NULL, NULL, NULL),
(1208, 'TS4', 'KHAYE', 'Nolan', 'N', NULL, NULL, NULL, NULL, NULL, NULL, NULL, NULL, NULL),
(1209, 'TS4', 'LABASSE', 'Margaux', 'N', NULL, NULL, NULL, NULL, NULL, NULL, NULL, NULL, NULL),
(1210, 'TS4', 'LAPEGUE', 'Pierre', 'N', NULL, NULL, NULL, NULL, NULL, NULL, NULL, NULL, NULL),
(1211, 'TS4', 'LAPEGUE', 'Marie', 'N', NULL, NULL, NULL, NULL, NULL, NULL, NULL, NULL, NULL),
(1212, 'TS4', 'LE DROGO', 'Theo', 'N', NULL, NULL, NULL, NULL, NULL, NULL, NULL, NULL, NULL),
(1213, 'TS4', 'LE GOUELLEC', 'Marion', 'N', NULL, NULL, NULL, NULL, NULL, NULL, NULL, NULL, NULL),
(1214, 'TS4', 'MANSOURI', 'Younes', 'N', NULL, NULL, NULL, NULL, NULL, NULL, NULL, NULL, NULL),
(1215, 'TS4', 'MARCHAND', 'Fanny', 'N', NULL, NULL, NULL, NULL, NULL, NULL, NULL, NULL, NULL),
(1216, 'TS4', 'MARINGUES', 'Kilian', 'N', NULL, NULL, NULL, NULL, NULL, NULL, NULL, NULL, NULL),
(1217, 'TS4', 'MAROLEAU', 'Marion', 'N', NULL, NULL, NULL, NULL, NULL, NULL, NULL, NULL, NULL),
(1218, 'TS4', 'MURZEAU', 'Célia', 'N', NULL, NULL, NULL, NULL, NULL, NULL, NULL, NULL, NULL),
(1219, 'TS4', 'NOEL', 'Rémy', 'N', NULL, NULL, NULL, NULL, NULL, NULL, NULL, NULL, NULL),
(1220, 'TS4', 'PICQUES', 'Florine', 'N', NULL, NULL, NULL, NULL, NULL, NULL, NULL, NULL, NULL),
(1221, 'TS4', 'POTET', 'Alexis', 'N', NULL, NULL, NULL, NULL, NULL, NULL, NULL, NULL, NULL),
(1222, 'TS4', 'ROCHETEAU', 'Théo', 'N', NULL, NULL, NULL, NULL, NULL, NULL, NULL, NULL, NULL),
(1223, 'TS4', 'ROCOURT', 'Bastien', 'N', NULL, NULL, NULL, NULL, NULL, NULL, NULL, NULL, NULL),
(1224, 'TS4', 'ROUGIER', 'Lucas', 'N', NULL, NULL, NULL, NULL, NULL, NULL, NULL, NULL, NULL),
(1225, 'TS4', 'ZERROUKI', 'Sana', 'N', NULL, NULL, NULL, NULL, NULL, NULL, NULL, NULL, NULL),
(1226, 'TSTMG1', 'ANDRE', 'Clotilde', 'N', NULL, NULL, NULL, NULL, NULL, NULL, NULL, NULL, NULL),
(1227, 'TSTMG1', 'APPAIRE', 'Marie', 'N', NULL, NULL, NULL, NULL, NULL, NULL, NULL, NULL, NULL),
(1228, 'TSTMG1', 'AUGEREAU', 'Paul', 'N', NULL, NULL, NULL, NULL, NULL, NULL, NULL, NULL, NULL),
(1229, 'TSTMG1', 'BAGUETTE', 'Alexix', 'N', NULL, NULL, NULL, NULL, NULL, NULL, NULL, NULL, NULL),
(1230, 'TSTMG1', 'BARRAUD', 'Emma', 'V', 'N', 'N', 'N', 38, 'Rouge', NULL, NULL, NULL, NULL),
(1231, 'TSTMG1', 'BATY', 'Nicolas', 'N', NULL, NULL, NULL, NULL, NULL, NULL, NULL, NULL, NULL),
(1232, 'TSTMG1', 'BAUD', 'Julie', 'N', NULL, NULL, NULL, NULL, NULL, NULL, NULL, NULL, NULL),
(1233, 'TSTMG1', 'BEDOURET', 'Thomas', 'N', NULL, NULL, NULL, NULL, NULL, NULL, NULL, NULL, NULL),
(1234, 'TSTMG1', 'BERNARDIN', 'Eléa', 'N', NULL, NULL, NULL, NULL, NULL, NULL, NULL, NULL, NULL),
(1235, 'TSTMG1', 'BERTIN', 'Valentin', 'N', NULL, NULL, NULL, NULL, NULL, NULL, NULL, NULL, NULL),
(1236, 'TSTMG1', 'BLOT', 'Marine', 'N', NULL, NULL, NULL, NULL, NULL, NULL, NULL, NULL, NULL),
(1237, 'TSTMG1', 'BODIN', 'Emma', 'N', NULL, NULL, NULL, NULL, NULL, NULL, NULL, NULL, NULL),
(1238, 'TSTMG1', 'BUREAU', 'Camille', 'N', NULL, NULL, NULL, NULL, NULL, NULL, NULL, NULL, NULL),
(1239, 'TSTMG1', 'CASTRE', 'Marine', 'N', NULL, NULL, NULL, NULL, NULL, NULL, NULL, NULL, NULL),
(1240, 'TSTMG1', 'CLAUDEL', 'Charlène', 'N', NULL, NULL, NULL, NULL, NULL, NULL, NULL, NULL, NULL),
(1241, 'TSTMG1', 'CORMIER', 'Quentin', 'N', NULL, NULL, NULL, NULL, NULL, NULL, NULL, NULL, NULL),
(1242, 'TSTMG1', 'DENERVAUX', 'Matthieu', 'N', NULL, NULL, NULL, NULL, NULL, NULL, NULL, NULL, NULL),
(1243, 'TSTMG1', 'DORE', 'Duncan', 'N', NULL, NULL, NULL, NULL, NULL, NULL, NULL, NULL, NULL),
(1244, 'TSTMG1', 'DOUFFIAGUES', 'Adrien', 'N', NULL, NULL, NULL, NULL, NULL, NULL, NULL, NULL, NULL),
(1245, 'TSTMG1', 'DUBREUIL', 'Gwendoline', 'N', NULL, NULL, NULL, NULL, NULL, NULL, NULL, NULL, NULL),
(1246, 'TSTMG1', 'FAYAUD FORT', 'Océane', 'N', NULL, NULL, NULL, NULL, NULL, NULL, NULL, NULL, NULL),
(1247, 'TSTMG1', 'FONTAINE', 'Lyréa', 'N', NULL, NULL, NULL, NULL, NULL, NULL, NULL, NULL, NULL),
(1248, 'TSTMG1', 'FOUCAUD', 'Lilou', 'N', NULL, NULL, NULL, NULL, NULL, NULL, NULL, NULL, NULL),
(1249, 'TSTMG1', 'FOUCHE', 'Clarisse', 'N', NULL, NULL, NULL, NULL, NULL, NULL, NULL, NULL, NULL),
(1250, 'TSTMG1', 'GARNIER', 'Fabien', 'V', 'N', 'N', 'N', 295, 'Bleu', NULL, NULL, NULL, NULL),
(1251, 'TSTMG1', 'GUILLAIN', 'Dylanie', 'N', NULL, NULL, NULL, NULL, NULL, NULL, NULL, NULL, NULL),
(1252, 'TSTMG1', 'LANDREAU', 'Alexis', 'N', NULL, NULL, NULL, NULL, NULL, NULL, NULL, NULL, NULL),
(1253, 'TSTMG1', 'LAURENT', 'Marine', 'N', NULL, NULL, NULL, NULL, NULL, NULL, NULL, NULL, NULL),
(1254, 'TSTMG1', 'LE GARREC', 'Céline', 'N', NULL, NULL, NULL, NULL, NULL, NULL, NULL, NULL, NULL),
(1255, 'TSTMG1', 'LOIZEAU', 'Charline', 'N', NULL, NULL, NULL, NULL, NULL, NULL, NULL, NULL, NULL),
(1256, 'TSTMG1', 'MANSOURI', 'Raoul', 'N', NULL, NULL, NULL, NULL, NULL, NULL, NULL, NULL, NULL),
(1257, 'TSTMG1', 'MAZELIER', 'Aymeric', 'N', NULL, NULL, NULL, NULL, NULL, NULL, NULL, NULL, NULL),
(1258, 'TSTMG1', 'MEILLAT', 'Justine', 'N', NULL, NULL, NULL, NULL, NULL, NULL, NULL, NULL, NULL),
(1259, 'TSTMG1', 'NICOLAS', 'Clothilde', 'N', NULL, NULL, NULL, NULL, NULL, NULL, NULL, NULL, NULL),
(1260, 'TSTMG1', 'VIVIER', 'Dimitri', 'V', 'N', 'N', 'N', 679, 'Vert', NULL, NULL, NULL, NULL),
(1261, 'TSTMG2', 'AGUAS', 'Nathan', 'N', NULL, NULL, NULL, NULL, NULL, NULL, NULL, NULL, NULL),
(1262, 'TSTMG2', 'DOUCHET', 'Ismaël', 'N', NULL, NULL, NULL, NULL, NULL, NULL, NULL, NULL, NULL),
(1263, 'TSTMG2', 'GOMBAUD', 'Fabrice', 'N', NULL, NULL, NULL, NULL, NULL, NULL, NULL, NULL, NULL),
(1264, 'TSTMG2', 'GUELAI', 'Boucif', 'N', NULL, NULL, NULL, NULL, NULL, NULL, NULL, NULL, NULL),
(1265, 'TSTMG2', 'GUIGUET', 'Lucile', 'N', NULL, NULL, NULL, NULL, NULL, NULL, NULL, NULL, NULL),
(1266, 'TSTMG2', 'GUILLOTEAU', 'Maxime', 'N', NULL, NULL, NULL, NULL, NULL, NULL, NULL, NULL, NULL),
(1267, 'TSTMG2', 'HUET', 'Yoann', 'N', NULL, NULL, NULL, NULL, NULL, NULL, NULL, NULL, NULL),
(1268, 'TSTMG2', 'IMBERT', 'Anaïs', 'N', NULL, NULL, NULL, NULL, NULL, NULL, NULL, NULL, NULL),
(1269, 'TSTMG2', 'JONEAU', 'Laurie', 'N', NULL, NULL, NULL, NULL, NULL, NULL, NULL, NULL, NULL),
(1270, 'TSTMG2', 'KRABANSKY', 'Julie', 'N', NULL, NULL, NULL, NULL, NULL, NULL, NULL, NULL, NULL),
(1271, 'TSTMG2', 'LABROUSSE--MAIJONNADE', 'Laure', 'N', NULL, NULL, NULL, NULL, NULL, NULL, NULL, NULL, NULL),
(1272, 'TSTMG2', 'LAGUIONIE', 'Camille', 'N', NULL, NULL, NULL, NULL, NULL, NULL, NULL, NULL, NULL),
(1273, 'TSTMG2', 'LEFORESTIER', 'Théo', 'N', NULL, NULL, NULL, NULL, NULL, NULL, NULL, NULL, NULL),
(1274, 'TSTMG2', 'LEONARDI', 'Oceane', 'N', NULL, NULL, NULL, NULL, NULL, NULL, NULL, NULL, NULL),
(1275, 'TSTMG2', 'MARTINACHE', 'Olivier', 'N', NULL, NULL, NULL, NULL, NULL, NULL, NULL, NULL, NULL),
(1276, 'TSTMG2', 'MAUREL', 'Alexis', 'N', NULL, NULL, NULL, NULL, NULL, NULL, NULL, NULL, NULL),
(1277, 'TSTMG2', 'MENARD', 'Simon', 'N', NULL, NULL, NULL, NULL, NULL, NULL, NULL, NULL, NULL),
(1278, 'TSTMG2', 'MOURÉ', 'Mathis', 'N', NULL, NULL, NULL, NULL, NULL, NULL, NULL, NULL, NULL),
(1279, 'TSTMG2', 'NICOU', 'Laurine', 'N', NULL, NULL, NULL, NULL, NULL, NULL, NULL, NULL, NULL),
(1280, 'TSTMG2', 'PANIER', 'Océane', 'N', NULL, NULL, NULL, NULL, NULL, NULL, NULL, NULL, NULL),
(1281, 'TSTMG2', 'PANTAIS', 'Elisa', 'N', NULL, NULL, NULL, NULL, NULL, NULL, NULL, NULL, NULL),
(1282, 'TSTMG2', 'PARRAGUETTE', 'Benjamin', 'N', NULL, NULL, NULL, NULL, NULL, NULL, NULL, NULL, NULL),
(1283, 'TSTMG2', 'PREVOS', 'Gwendoline', 'N', NULL, NULL, NULL, NULL, NULL, NULL, NULL, NULL, NULL),
(1284, 'TSTMG2', 'REGRENIL', 'Thomas', 'N', NULL, NULL, NULL, NULL, NULL, NULL, NULL, NULL, NULL),
(1285, 'TSTMG2', 'REMANDE', 'Hugo', 'N', NULL, NULL, NULL, NULL, NULL, NULL, NULL, NULL, NULL),
(1286, 'TSTMG2', 'RENAUD', 'Marine', 'N', NULL, NULL, NULL, NULL, NULL, NULL, NULL, NULL, NULL),
(1287, 'TSTMG2', 'REYRE', 'Prudence', 'N', NULL, NULL, NULL, NULL, NULL, NULL, NULL, NULL, NULL),
(1288, 'TSTMG2', 'ROUSSELOT', 'Tanguy', 'N', NULL, NULL, NULL, NULL, NULL, NULL, NULL, NULL, NULL),
(1289, 'TSTMG2', 'SAUVOUREL', 'Audrey', 'N', NULL, NULL, NULL, NULL, NULL, NULL, NULL, NULL, NULL),
(1290, 'TSTMG2', 'SERGUES', 'Simon', 'V', 'N', 'N', 'N', 627, 'Vert', NULL, NULL, NULL, NULL),
(1291, 'TSTMG2', 'THOMAS', 'Maurice', 'N', NULL, NULL, NULL, NULL, NULL, NULL, NULL, NULL, NULL),
(1292, 'TSTMG2', 'TIMONET', 'Cloé', 'N', NULL, NULL, NULL, NULL, NULL, NULL, NULL, NULL, NULL),
(1293, 'TSTMG2', 'VINET', 'Chloe', 'N', NULL, NULL, NULL, NULL, NULL, NULL, NULL, NULL, NULL),
(1294, 'TSTMG2', 'VRIGNAUD', 'Wilfried', 'N', NULL, NULL, NULL, NULL, NULL, NULL, NULL, NULL, NULL),
(1295, 'TSTMG2', 'WALTER', 'Alexis', 'N', NULL, NULL, NULL, NULL, NULL, NULL, NULL, NULL, NULL),
(1296, 'TSTMG3', 'BESSON-SORIANO', 'Benoît', 'N', '', '', '', NULL, NULL, NULL, NULL, NULL, NULL),
(1297, 'TSTMG3', 'BONIN', 'Victor', 'N', NULL, NULL, NULL, NULL, NULL, NULL, NULL, NULL, NULL),
(1298, 'TSTMG3', 'CAUSSIN', 'Matthéo', 'N', NULL, NULL, NULL, NULL, NULL, NULL, NULL, NULL, NULL),
(1299, 'TSTMG3', 'COUTEAU', 'Maxence', 'N', NULL, NULL, NULL, NULL, NULL, NULL, NULL, NULL, NULL),
(1300, 'TSTMG3', 'FLEURIAUD', 'Théo', 'N', NULL, NULL, NULL, NULL, NULL, NULL, NULL, NULL, NULL),
(1301, 'TSTMG3', 'GLAPPIER', 'Maël', 'N', NULL, NULL, NULL, NULL, NULL, NULL, NULL, NULL, NULL),
(1302, 'TSTMG3', 'GUILLET', 'Maxence', 'N', NULL, NULL, NULL, NULL, NULL, NULL, NULL, NULL, NULL),
(1303, 'TSTMG3', 'JACQUELIN', 'Gaëlle', 'N', NULL, NULL, NULL, NULL, NULL, NULL, NULL, NULL, NULL),
(1304, 'TSTMG3', 'JOLIVET', 'Mégane', 'N', NULL, NULL, NULL, NULL, NULL, NULL, NULL, NULL, NULL),
(1305, 'TSTMG3', 'JULLIOT', 'Florian', 'N', NULL, NULL, NULL, NULL, NULL, NULL, NULL, NULL, NULL),
(1306, 'TSTMG3', 'LAVAIRE', 'Pauline', 'N', NULL, NULL, NULL, NULL, NULL, NULL, NULL, NULL, NULL),
(1307, 'TSTMG3', 'LE GOFF', 'Alexis', 'N', NULL, NULL, NULL, NULL, NULL, NULL, NULL, NULL, NULL),
(1308, 'TSTMG3', 'LEFEVRE', 'Coralie', 'N', NULL, NULL, NULL, NULL, NULL, NULL, NULL, NULL, NULL),
(1309, 'TSTMG3', 'MARCHAND', 'Luc', 'N', NULL, NULL, NULL, NULL, NULL, NULL, NULL, NULL, NULL),
(1310, 'TSTMG3', 'MIGNON', 'Alexis', 'N', NULL, NULL, NULL, NULL, NULL, NULL, NULL, NULL, NULL),
(1311, 'TSTMG3', 'MOREAU', 'Erwan', 'N', NULL, NULL, NULL, NULL, NULL, NULL, NULL, NULL, NULL),
(1312, 'TSTMG3', 'NAVAUD HUGUET', 'Solène', 'N', NULL, NULL, NULL, NULL, NULL, NULL, NULL, NULL, NULL),
(1313, 'TSTMG3', 'NOIRAULT', 'Joey', 'N', NULL, NULL, NULL, NULL, NULL, NULL, NULL, NULL, NULL),
(1314, 'TSTMG3', 'NORMAND', 'Amélie', 'N', NULL, NULL, NULL, NULL, NULL, NULL, NULL, NULL, NULL),
(1315, 'TSTMG3', 'PANSARD-LAVAUD', 'Gaël', 'N', NULL, NULL, NULL, NULL, NULL, NULL, NULL, NULL, NULL),
(1316, 'TSTMG3', 'PESSIOT', 'Clovis', 'N', NULL, NULL, NULL, NULL, NULL, NULL, NULL, NULL, NULL),
(1317, 'TSTMG3', 'PESTIAUX', 'Pascal', 'N', NULL, NULL, NULL, NULL, NULL, NULL, NULL, NULL, NULL),
(1318, 'TSTMG3', 'RAMPNOUX', 'Romane', 'N', NULL, NULL, NULL, NULL, NULL, NULL, NULL, NULL, NULL),
(1319, 'TSTMG3', 'RAUCH-BOULADE', 'Quentin', 'N', NULL, NULL, NULL, NULL, NULL, NULL, NULL, NULL, NULL),
(1320, 'TSTMG3', 'RIVAUD', 'Tom', 'N', NULL, NULL, NULL, NULL, NULL, NULL, NULL, NULL, NULL),
(1321, 'TSTMG3', 'ROUSSEAU', 'Tristan', 'N', NULL, NULL, NULL, NULL, NULL, NULL, NULL, NULL, NULL),
(1322, 'TSTMG3', 'ROY', 'Amélie', 'N', NULL, NULL, NULL, NULL, NULL, NULL, NULL, NULL, NULL),
(1323, 'TSTMG3', 'SITAL-DAHONE', 'Alexandre', 'N', NULL, NULL, NULL, NULL, NULL, NULL, NULL, NULL, NULL),
(1324, 'TSTMG3', 'SOTERAS', 'Axel', 'N', NULL, NULL, NULL, NULL, NULL, NULL, NULL, NULL, NULL),
(1325, 'TSTMG3', 'USSIPBEK', 'Rustem', 'N', NULL, NULL, NULL, NULL, NULL, NULL, NULL, NULL, NULL),
(1326, 'TSTMG3', 'VINCENT', 'Ophelie', 'N', NULL, NULL, NULL, NULL, NULL, NULL, NULL, NULL, NULL),
(1327, 'PROF', 'BOUYER', 'SANDRINE', 'O', 'O', 'O', 'O', 98, 'Rouge', 10, 2.50, 25.00, 25.00),
(1328, 'PROF', 'LOLMEDE', 'OLIVIER', 'O', 'O', 'O', 'O', 440, 'Blanc', 11, 5.00, 55.00, 55.00),
(1329, 'PROF', 'VIDONNE', 'MARIE-FRANCE', 'O', 'O', 'O', 'O', 674, 'Vert', 7, 18.00, 126.00, 112.00),
(1330, 'PROF', 'JARNAN', 'FLORENCE', 'O', 'O', 'O', 'O', 365, 'Jaune', NULL, NULL, NULL, NULL),
(1331, 'PROF', 'CHARMOT-DUVAL', 'CLAUDINE', 'O', 'O', 'O', 'O', 150, 'Vert', NULL, NULL, NULL, NULL),
(1332, 'PROF', 'ANDRIEU', 'XAVIER', 'O', 'O', 'O', 'O', 14, 'Rouge', 14, 1.00, 14.00, 18.00),
(1333, 'PROF', 'REYX', 'LAURENT', 'O', 'O', 'O', 'O', 595, 'Rouge', 11, 2.00, 22.00, 22.00),
(1334, 'PROF', 'VILLARD', 'AGNèS', 'O', 'O', 'O', 'O', 676, 'Vert', 7, 35.00, 245.00, NULL),
(1335, 'PROF', 'CASCARINO', 'FABIENNE', 'O', 'O', 'O', 'O', 132, 'Vert', 6, 30.00, 180.00, 45.00),
(1336, 'DASSAULT', 'BOUVIALAL', 'Enzo', 'O', 'O', 'O', NULL, 97, 'Rouge', 12, 1.00, 12.00, NULL),
(1337, 'DASSAULT', 'CAUBERT', 'Léa', 'O', 'O', 'O', NULL, 137, 'Vert', 14, 2.00, 28.00, NULL),
(1338, 'DASSAULT', 'COCHIN', 'Nicolas', 'O', 'O', 'O', NULL, 166, 'Vert', 15, 1.00, 15.00, NULL),
(1339, 'DASSAULT', 'CORNUAUD', 'Laurine', 'O', 'O', 'O', NULL, 171, 'Vert', 10, 4.00, 40.00, NULL),
(1340, 'DASSAULT', 'COSTEDOAT', 'Romain', 'O', 'O', 'O', NULL, 173, 'Vert', 12, 8.00, 96.00, NULL),
(1341, 'DASSAULT', 'DIET', 'Mattéo', 'O', 'O', 'O', NULL, 230, 'Bleu', 6, 6.00, 36.00, NULL),
(1342, 'DASSAULT', 'DENEPOUX', 'Candice', 'O', 'O', 'O', NULL, 217, 'Bleu', 6, 1.00, 6.00, NULL),
(1343, 'DASSAULT', 'EPARGNEAUD', 'Rémi', 'O', 'O', 'O', NULL, 254, 'Bleu', 10, 5.00, 50.00, NULL),
(1344, 'DASSAULT', 'FAVEY', 'Fréderik', 'O', 'O', 'O', NULL, 261, 'Bleu', 9, 2.00, 18.00, NULL),
(1345, 'DASSAULT', 'FORJONEL', 'Thomas', 'O', 'O', 'O', NULL, 277, 'Bleu', 11, 1.00, 11.00, NULL),
(1346, 'DASSAULT', 'GONTHIER', 'Robin', 'O', 'O', 'O', NULL, 314, 'Jaune', 11, 2.00, 22.00, NULL),
(1347, 'DASSAULT', 'GUILLAUD', 'Lucas', 'O', 'O', 'O', NULL, 338, 'Jaune', 15, 1.00, 15.00, NULL),
(1348, 'DASSAULT', 'HAUTIER', 'Marine', 'O', 'O', 'O', NULL, 344, 'Jaune', 7, 1.00, 7.00, NULL),
(1349, 'DASSAULT', 'PACAUD', 'Elie', 'O', 'O', 'O', NULL, 534, 'Rouge', 14, 2.00, 28.00, NULL),
(1350, 'DASSAULT', 'PINAUD', 'Thomas', 'O', 'O', 'O', NULL, 561, 'Rouge', 15, 2.00, 30.00, NULL),
(1351, 'DASSAULT', 'OLIVIER', 'Rémi', 'O', 'O', 'O', NULL, 528, 'Rouge', 13, 1.00, 13.00, NULL),
(1352, 'DASSAULT', 'RIFFAUD', 'Julien', 'O', 'O', 'O', NULL, 597, 'Rouge', 13, 1.00, 13.00, NULL),
(1353, 'DASSAULT', 'ROUSSEAU', 'Paul', 'O', 'O', 'O', NULL, 612, 'Vert', 12, 2.00, 24.00, NULL),
(1354, 'DASSAULT', 'ROUVERON', 'Yvan', 'O', 'O', 'O', NULL, 613, 'Vert', 12, 4.00, 48.00, NULL),
(1355, 'DASSAULT', 'SMODIS', 'Alexis', 'O', 'O', 'O', NULL, 634, 'Vert', 12, 2.00, 24.00, NULL),
(1356, 'DASSAULT', 'THIBAUD', 'Mathis', 'O', 'O', 'O', NULL, 650, 'Vert', 12, 5.00, 60.00, NULL),
(1357, 'DASSAULT', 'THOMER', 'Maxime', 'O', 'O', 'O', NULL, 654, 'Vert', 11, 7.00, 77.00, NULL),
(1358, 'DASSAULT', 'BAUDON', 'Jérémy', 'O', 'O', 'O', NULL, 43, 'Rouge', 12, 4.00, 48.00, 980.50),
(1359, 'DASSAULT', 'GAUFRETEAU', 'Baptiste', 'O', 'O', 'O', NULL, 297, 'Bleu', 8, 5.00, 40.00, NULL),
(1360, 'PROF', 'NURY', 'Jacques', 'O', 'O', 'O', NULL, 527, 'Rouge', 11, 14.00, 154.00, 154.00),
(1361, 'PROF', 'LAGARDE', 'Véronique', 'O', 'O', 'O', NULL, 385, 'Jaune', NULL, NULL, NULL, NULL),
(1362, 'PROF', 'GOMEZ', 'Guillaume', 'O', 'O', 'O', NULL, 311, 'Jaune', 11, 11.00, 121.00, 121.00),
(1363, 'PROF', 'COLLARD', 'Gérald', 'O', 'O', 'O', NULL, 168, 'Vert', 8, 4.00, 32.00, NULL),
(1364, 'PROF', 'GRELET', 'Eric', 'O', 'O', 'O', NULL, 319, 'Jaune', NULL, NULL, NULL, NULL),
(1365, 'DASSAULT', 'BELHAJ	', '	Hamza	', 'O', 'O', 'O', NULL, 50, 'Rouge', 16, 2.00, 32.00, NULL),
(1366, 'DASSAULT', 'BOISSINOT	', '	Anna	', 'O', 'O', 'O', NULL, 83, 'Rouge', 7, 1.00, 7.00, NULL),
(1367, 'DASSAULT', 'CROUCH	', '	Benjamin	', 'O', 'O', 'O', NULL, 183, 'Vert', 13, 0.50, 6.50, NULL),
(1368, 'DASSAULT', 'DELORME	', '	Nathan	', 'O', 'O', 'O', NULL, 214, 'Bleu', 10, 2.00, 20.00, NULL),
(1369, 'DASSAULT', 'HANDOUCHE	', '	Jason	', 'O', 'O', 'O', NULL, 342, 'Jaune', 11, 0.50, 5.50, NULL),
(1370, 'DASSAULT', 'MELLIER	', '	Julie	', 'O', 'O', 'O', NULL, 486, 'Blanc', 8, 2.00, 16.00, NULL),
(1371, 'DASSAULT', 'PANTAIS	', '	 Maëlle	', 'O', 'O', 'O', NULL, 538, 'Rouge', 10, 2.00, 20.00, NULL),
(1372, 'DASSAULT', 'PELLETIER	', '	Noah	', 'O', 'O', 'O', NULL, 546, 'Rouge', 12, 2.00, 24.00, NULL),
(1373, 'DASSAULT', 'SPRONCK	', '	Sarah	', 'O', 'O', 'O', NULL, 639, 'Vert', 11, 2.00, 22.00, NULL),
(1374, 'DASSAULT', 'BEILE	', '	Hugo	', 'O', 'O', 'O', NULL, 48, 'Rouge', 12, 1.00, 12.00, NULL),
(1375, 'DASSAULT', 'KASZLUK	', '	Valentyn	', 'O', 'O', 'O', NULL, 374, 'Jaune', 12, 3.00, 36.00, NULL),
(1376, 'DASSAULT', 'REGNIER	', '	Clara	', 'O', 'O', 'O', NULL, 591, 'Rouge', 7, 5.00, 35.00, NULL),
(1377, 'DASSAULT', 'THIRY	', '	Jérémy	', 'O', 'O', 'O', NULL, 651, 'Vert', 10, 8.00, 80.00, NULL),
(1378, 'DASSAULT', 'CHATEFAU	', '	Anouk	', 'O', 'O', 'O', NULL, 156, 'Vert', 12, 1.50, 18.00, NULL),
(1379, 'DASSAULT', 'CHATEFAU	', '	Perrine	', 'O', 'O', 'O', NULL, 157, 'Vert', 10, 1.00, 10.00, NULL),
(1380, 'PROF', 'Tran', 'Marjolaine', 'O', 'O', 'O', NULL, 700, NULL, 10, 4.00, 40.00, 60.00),
(1381, 'DASSAULT', 'Blondiau', 'Lea', 'O', 'O', 'O', 'O', 702, 'bleu', 5, 2.00, 10.00, NULL),
(1382, 'PROF', 'MELISSON', 'CELINE', 'O', 'O', 'O', 'O', 713, NULL, 11, 2.00, 22.00, 22.00),
(1383, 'PROF', 'BOENNEC', 'Yannick', 'O', 'O', 'O', 'O', 723, NULL, 13, 2.00, 26.00, 26.00);

-- --------------------------------------------------------

--
-- Structure de la table `PROFESSEURS`
--

DROP TABLE IF EXISTS `PROFESSEURS`;
CREATE TABLE `PROFESSEURS` (
  `LOGIN` varchar(32) NOT NULL,
  `MOT_DE_PASSE` varchar(40) DEFAULT NULL,
  `NOM_PROFESSEUR` varchar(128) DEFAULT NULL,
  `PRENOM_PROFESSEUR` varchar(128) DEFAULT NULL,
  `MATIERE` varchar(128) DEFAULT NULL
) ENGINE=InnoDB DEFAULT CHARSET=utf8;

--
-- Déchargement des données de la table `PROFESSEURS`
--

INSERT INTO `PROFESSEURS` (`LOGIN`, `MOT_DE_PASSE`, `NOM_PROFESSEUR`, `PRENOM_PROFESSEUR`, `MATIERE`) VALUES
('', NULL, 'pour la contrainte', NULL, NULL),
('amedoml', 'b2cc74f12c556872caea7fcfca02f3d538d3dc98', 'AMEDOME', 'LYDIA', NULL),
('andrel', 'b2cc74f12c556872caea7fcfca02f3d538d3dc98', 'ANDRE', 'LISA', NULL),
('andriex', 'b2cc74f12c556872caea7fcfca02f3d538d3dc98', 'ANDRIEU', 'XAVIER', NULL),
('andrivr', 'b2cc74f12c556872caea7fcfca02f3d538d3dc98', 'ANDRIVET', 'ROGER', NULL),
('augerd', 'b2cc74f12c556872caea7fcfca02f3d538d3dc98', 'AUGER', 'DANIEL', NULL),
('auriela', 'b2cc74f12c556872caea7fcfca02f3d538d3dc98', 'AURIEL', 'ANNE', NULL),
('aurielc', 'b2cc74f12c556872caea7fcfca02f3d538d3dc98', 'AURIEL', 'CHRISTOPHE', NULL),
('balests', 'b2cc74f12c556872caea7fcfca02f3d538d3dc98', 'Balestrio', 'Sébastien', NULL),
('bardous', 'b2cc74f12c556872caea7fcfca02f3d538d3dc98', 'BARDOU', 'SYLVIE', NULL),
('barellm', 'b2cc74f12c556872caea7fcfca02f3d538d3dc98', 'BARELLI', 'MARIE-PIERRE', NULL),
('barthes', 'b2cc74f12c556872caea7fcfca02f3d538d3dc98', 'BARTHELEMY', 'STEPHANE', NULL),
('barthev', 'b2cc74f12c556872caea7fcfca02f3d538d3dc98', 'BARTHELEMY', 'VALERIE', NULL),
('bellemy', 'b2cc74f12c556872caea7fcfca02f3d538d3dc98', 'Bellemanière', 'Yasmina', NULL),
('benarrs', 'b2cc74f12c556872caea7fcfca02f3d538d3dc98', 'BENARROUS', 'SAMUEL', NULL),
('bernarn', 'b2cc74f12c556872caea7fcfca02f3d538d3dc98', 'BERNARD', 'NADEGE', NULL),
('bertonc', 'b2cc74f12c556872caea7fcfca02f3d538d3dc98', 'BERTON', 'CAROLE', NULL),
('bertraj', 'b2cc74f12c556872caea7fcfca02f3d538d3dc98', 'BERTRAND', 'JEAN-PHILIPPE', NULL),
('bessiea', 'b2cc74f12c556872caea7fcfca02f3d538d3dc98', 'BESSIERE', 'AURELIE', NULL),
('boenney', 'b2cc74f12c556872caea7fcfca02f3d538d3dc98', 'BOENNEC', 'YANNICK', NULL),
('boucheb', 'b2cc74f12c556872caea7fcfca02f3d538d3dc98', 'BOUCHEREAU', 'BERTRAND', NULL),
('boulank', 'b2cc74f12c556872caea7fcfca02f3d538d3dc98', 'BOULANT', 'KARINE', NULL),
('bouyers', 'b2cc74f12c556872caea7fcfca02f3d538d3dc98', 'BOUYER', 'SANDRINE', NULL),
('branlap', 'b2cc74f12c556872caea7fcfca02f3d538d3dc98', 'BRANLANT', 'PATRICE', NULL),
('bretaum', 'b2cc74f12c556872caea7fcfca02f3d538d3dc98', 'BRETAUDEAU-TARDY', 'MICHELE', NULL),
('brunien', 'b2cc74f12c556872caea7fcfca02f3d538d3dc98', 'BRUNIER', 'NATHALIE', NULL),
('cabarem', 'b2cc74f12c556872caea7fcfca02f3d538d3dc98', 'CABARET', 'MICHEL-ERIC', NULL),
('cabrolc', 'b2cc74f12c556872caea7fcfca02f3d538d3dc98', 'CABROL', 'CELINE', NULL),
('campodc', 'b2cc74f12c556872caea7fcfca02f3d538d3dc98', 'CAMPODARVE', 'CAROLINE', NULL),
('caquind', 'b2cc74f12c556872caea7fcfca02f3d538d3dc98', 'CAQUINEAU', 'DIDIER', NULL),
('caryi', 'b2cc74f12c556872caea7fcfca02f3d538d3dc98', 'CARY', 'ISABELLE', NULL),
('cascarf', 'b2cc74f12c556872caea7fcfca02f3d538d3dc98', 'Cascarino', 'Fabienne', NULL),
('castilj', 'b2cc74f12c556872caea7fcfca02f3d538d3dc98', 'CASTILLO', 'JEAN-CHRISTOPHE', NULL),
('caurand', 'b2cc74f12c556872caea7fcfca02f3d538d3dc98', 'CAURANT', 'DOMINIQUE', NULL),
('charmoc', 'b2cc74f12c556872caea7fcfca02f3d538d3dc98', 'CHARMOT-DUVAL', 'CLAUDINE', NULL),
('couturs', 'b2cc74f12c556872caea7fcfca02f3d538d3dc98', 'COUTURIER', 'SAMUEL', NULL),
('damourm', 'b2cc74f12c556872caea7fcfca02f3d538d3dc98', 'DAMOUR', 'MARIANNE', NULL),
('davousp', 'b2cc74f12c556872caea7fcfca02f3d538d3dc98', 'DAVOUST', 'PASCAL', NULL),
('decouk', 'b2cc74f12c556872caea7fcfca02f3d538d3dc98', 'DECOU', 'KATHLEEN', NULL),
('delepli', 'b2cc74f12c556872caea7fcfca02f3d538d3dc98', 'DELEPLANCQUE', 'ISABELLE', NULL),
('delhomn', 'b2cc74f12c556872caea7fcfca02f3d538d3dc98', 'DELHOMMEAU', 'NATHALIE', NULL),
('dexantm', 'b2cc74f12c556872caea7fcfca02f3d538d3dc98', 'DEXANT', 'MARIE-NOEL', NULL),
('dionga', 'b2cc74f12c556872caea7fcfca02f3d538d3dc98', 'Diong', 'Aminata', NULL),
('dupuyc', 'b2cc74f12c556872caea7fcfca02f3d538d3dc98', 'DUPUY', 'CHANTAL', NULL),
('durouch', 'b2cc74f12c556872caea7fcfca02f3d538d3dc98', 'Durouchoux', 'Hélène', NULL),
('emmanuj', 'b2cc74f12c556872caea7fcfca02f3d538d3dc98', 'EMMANUEL', 'JOSE', NULL),
('fauref', 'b2cc74f12c556872caea7fcfca02f3d538d3dc98', 'FAURE', 'FLORENCE', NULL),
('favrek', 'b2cc74f12c556872caea7fcfca02f3d538d3dc98', 'FAVRE-DOYEN', 'KATIA', NULL),
('fersinc', 'b2cc74f12c556872caea7fcfca02f3d538d3dc98', 'FERSING', 'CATHERINE', NULL),
('fichetc', 'b2cc74f12c556872caea7fcfca02f3d538d3dc98', 'FICHET', 'CLAUDE', NULL),
('francob', 'b2cc74f12c556872caea7fcfca02f3d538d3dc98', 'FRANCOIS', 'BRUNO', NULL),
('gabardn', 'b2cc74f12c556872caea7fcfca02f3d538d3dc98', 'GABARDOS', 'NATHALIE', NULL),
('gaboric', 'b2cc74f12c556872caea7fcfca02f3d538d3dc98', 'GABORIAU', 'CHRISTELLE', NULL),
('gaudyc', 'b2cc74f12c556872caea7fcfca02f3d538d3dc98', 'GAUDY', 'CHRISTINE', NULL),
('girardh', 'b2cc74f12c556872caea7fcfca02f3d538d3dc98', 'GIRARD', 'HENRY', NULL),
('gobrona1', 'b2cc74f12c556872caea7fcfca02f3d538d3dc98', 'GOBRON', 'ANNIE', NULL),
('gossetj', 'b2cc74f12c556872caea7fcfca02f3d538d3dc98', 'Gosset', 'Johnny', NULL),
('gourind', 'b2cc74f12c556872caea7fcfca02f3d538d3dc98', 'GOURINCHAS', 'DIDIER', NULL),
('grivare', 'b2cc74f12c556872caea7fcfca02f3d538d3dc98', 'GRIVARTDEKERSTRAT', 'ERIC', NULL),
('grygiee', 'b2cc74f12c556872caea7fcfca02f3d538d3dc98', 'GRYGIERZEC', 'ELEONORE', NULL),
('guillof', 'b2cc74f12c556872caea7fcfca02f3d538d3dc98', 'GUILLON', 'FLORENCE', NULL),
('hallej', 'b2cc74f12c556872caea7fcfca02f3d538d3dc98', 'HALLE', 'JULIETTE', NULL),
('hermanl', 'b2cc74f12c556872caea7fcfca02f3d538d3dc98', 'HERMANT', 'LORRAINE', NULL),
('huctinl', 'b2cc74f12c556872caea7fcfca02f3d538d3dc98', 'HUCTIN', 'LAURENCE', NULL),
('jarnanf', 'b2cc74f12c556872caea7fcfca02f3d538d3dc98', 'JARNAN', 'FLORENCE', NULL),
('jaskult', 'b2cc74f12c556872caea7fcfca02f3d538d3dc98', 'JASKULA', 'THOMAS', NULL),
('jourdyc', 'b2cc74f12c556872caea7fcfca02f3d538d3dc98', 'Jourdy', 'Cecile', NULL),
('kleinf', 'b2cc74f12c556872caea7fcfca02f3d538d3dc98', 'KLEIN', 'FABRICE', NULL),
('krost', 'b2cc74f12c556872caea7fcfca02f3d538d3dc98', 'KROS', 'TIPHAINE', NULL),
('ladaa', 'b2cc74f12c556872caea7fcfca02f3d538d3dc98', 'LADA', 'ACHILOVA', NULL),
('lafonti', 'b2cc74f12c556872caea7fcfca02f3d538d3dc98', 'LAFONT-PICON', 'ISABELLE', NULL),
('lahbibo', 'b2cc74f12c556872caea7fcfca02f3d538d3dc98', 'LAHBIB', 'OLIVIER', NULL),
('laluquo', 'b2cc74f12c556872caea7fcfca02f3d538d3dc98', 'LALUQUE', 'OLIVIER', NULL),
('lamarch', 'b2cc74f12c556872caea7fcfca02f3d538d3dc98', 'LAMARCHE', 'HELENE', NULL),
('laplacf', 'b2cc74f12c556872caea7fcfca02f3d538d3dc98', 'LAPLACE', 'FABIENNE', NULL),
('larocho', 'b2cc74f12c556872caea7fcfca02f3d538d3dc98', 'LAROCHE', 'OLIVIER', NULL),
('latorrs', 'b2cc74f12c556872caea7fcfca02f3d538d3dc98', 'LATORRE', 'SYLVIE', NULL),
('laugraj', 'b2cc74f12c556872caea7fcfca02f3d538d3dc98', 'LAUGRAUD', 'JACKY', NULL),
('laviep', 'b2cc74f12c556872caea7fcfca02f3d538d3dc98', 'LAVIE', 'PASCAL', NULL),
('lecontm', 'b2cc74f12c556872caea7fcfca02f3d538d3dc98', 'LECONTE', 'MICHELE', NULL),
('leguenp', 'b2cc74f12c556872caea7fcfca02f3d538d3dc98', 'LEGUEN', 'PASCALE', NULL),
('levequa', 'b2cc74f12c556872caea7fcfca02f3d538d3dc98', 'LEVEQUE-ANGIBAULT', 'AGNES', NULL),
('lobers', 'b2cc74f12c556872caea7fcfca02f3d538d3dc98', 'LOBER', 'SABRINA', NULL),
('loizeaa', 'b2cc74f12c556872caea7fcfca02f3d538d3dc98', 'LOIZEAU', 'ALEXANDRE', NULL),
('lolmedo', 'b2cc74f12c556872caea7fcfca02f3d538d3dc98', 'LOLMEDE', 'OLIVIER', NULL),
('lorimyb', 'b2cc74f12c556872caea7fcfca02f3d538d3dc98', 'LORIMY', 'BENOIT', NULL),
('mahuete', 'b2cc74f12c556872caea7fcfca02f3d538d3dc98', 'MAHUET-PLECHOT', 'ERIC', NULL),
('maillac', 'b2cc74f12c556872caea7fcfca02f3d538d3dc98', 'MAILLARD', 'CAROLINE', NULL),
('maldonp', 'b2cc74f12c556872caea7fcfca02f3d538d3dc98', 'MALDONADO', 'PHILIPPE', NULL),
('martina', 'b2cc74f12c556872caea7fcfca02f3d538d3dc98', 'MARTIN', 'AGNES', NULL),
('martinl1', 'b2cc74f12c556872caea7fcfca02f3d538d3dc98', 'MARTINEAU', 'LAURENCE', NULL),
('mazam', 'b2cc74f12c556872caea7fcfca02f3d538d3dc98', 'MAZA', 'MELANIE', NULL),
('melissc', 'b2cc74f12c556872caea7fcfca02f3d538d3dc98', 'MELISSON', 'CELINE', NULL),
('mengold', 'b2cc74f12c556872caea7fcfca02f3d538d3dc98', 'MENGOLLI', 'DAVID', NULL),
('michonj', 'b2cc74f12c556872caea7fcfca02f3d538d3dc98', 'MICHON', 'JEAN-LUC', NULL),
('mingamf', 'b2cc74f12c556872caea7fcfca02f3d538d3dc98', 'MINGAM', 'FREDERIC', NULL),
('mollarm', 'b2cc74f12c556872caea7fcfca02f3d538d3dc98', 'MOLLARD', 'MONIQUE', NULL),
('navauds', 'b2cc74f12c556872caea7fcfca02f3d538d3dc98', 'NAVAUD', 'SABINE', NULL),
('ndiayei', 'b2cc74f12c556872caea7fcfca02f3d538d3dc98', 'NDIAYE', 'IBRAHIMA', NULL),
('nocquej', 'b2cc74f12c556872caea7fcfca02f3d538d3dc98', 'NOCQUET', 'JEREMIE', NULL),
('orsinit', 'b2cc74f12c556872caea7fcfca02f3d538d3dc98', 'ORSINI', 'THIERRY', NULL),
('pacauda', 'b2cc74f12c556872caea7fcfca02f3d538d3dc98', 'PACAUD', 'ANIE', NULL),
('palensa', 'b2cc74f12c556872caea7fcfca02f3d538d3dc98', 'PALENSTIJN', 'ANNE', NULL),
('piatm', 'b2cc74f12c556872caea7fcfca02f3d538d3dc98', 'CAILLE', 'ALEXANDRA', NULL),
('picardm', 'b2cc74f12c556872caea7fcfca02f3d538d3dc98', 'PICARD', 'MICHEL', NULL),
('pinels', 'b2cc74f12c556872caea7fcfca02f3d538d3dc98', 'PINEL', 'SEBASTIEN', NULL),
('piveteo', 'b2cc74f12c556872caea7fcfca02f3d538d3dc98', 'PIVETEAU', 'OLIVIER', NULL),
('plairen', 'b2cc74f12c556872caea7fcfca02f3d538d3dc98', 'PLAIRE', 'NATHALIE', NULL),
('pradalf', 'b2cc74f12c556872caea7fcfca02f3d538d3dc98', 'Pradal', 'Fabien', NULL),
('preaa', 'b2cc74f12c556872caea7fcfca02f3d538d3dc98', 'Pré-Aymard', 'Anne', NULL),
('PRIOUZV', 'b2cc74f12c556872caea7fcfca02f3d538d3dc98', 'Priouzeau', 'Valérie', NULL),
('provoss', 'b2cc74f12c556872caea7fcfca02f3d538d3dc98', 'PROVOST', 'SYLVIE', NULL),
('pruvotf', 'b2cc74f12c556872caea7fcfca02f3d538d3dc98', 'PRUVOT', 'FRIEDRICH', NULL),
('quintab', 'b2cc74f12c556872caea7fcfca02f3d538d3dc98', 'QUINTARD', 'BENOIT', NULL),
('reyxl', 'b2cc74f12c556872caea7fcfca02f3d538d3dc98', 'REYX', 'LAURENT', NULL),
('richare', 'b2cc74f12c556872caea7fcfca02f3d538d3dc98', 'RICHARD', 'ESTELLE', NULL),
('richari', 'b2cc74f12c556872caea7fcfca02f3d538d3dc98', 'RICHARD', 'ISABELLE', NULL),
('richars', 'b2cc74f12c556872caea7fcfca02f3d538d3dc98', 'RICHARD', 'SYLVAIN', NULL),
('rochelo', 'b2cc74f12c556872caea7fcfca02f3d538d3dc98', 'ROCHELEUX', 'ODILE', NULL),
('rohoud', 'b2cc74f12c556872caea7fcfca02f3d538d3dc98', 'ROHOU', 'DAVID', NULL),
('roigey', 'b2cc74f12c556872caea7fcfca02f3d538d3dc98', 'ROIGE', 'YVES', NULL),
('saluccm', 'b2cc74f12c556872caea7fcfca02f3d538d3dc98', 'SALUCCI', 'MARCO', NULL),
('salzign', 'b2cc74f12c556872caea7fcfca02f3d538d3dc98', 'SALZIGER', 'NICOLE', NULL),
('sartis', 'b2cc74f12c556872caea7fcfca02f3d538d3dc98', 'SARTI', 'SOPHIE', NULL),
('savatoc', 'b2cc74f12c556872caea7fcfca02f3d538d3dc98', 'SAVATON', 'CHRISTINE', NULL),
('simonif', 'b2cc74f12c556872caea7fcfca02f3d538d3dc98', 'SIMONIN', 'FREDERIC', NULL),
('simonj', 'b2cc74f12c556872caea7fcfca02f3d538d3dc98', 'SIMON', 'JULIE', NULL),
('sopherm', 'b2cc74f12c556872caea7fcfca02f3d538d3dc98', 'SOPHER', 'MEREDITH', NULL),
('sorep', 'b2cc74f12c556872caea7fcfca02f3d538d3dc98', 'SORE', 'PASCAL', NULL),
('speakma', 'b2cc74f12c556872caea7fcfca02f3d538d3dc98', 'SPEAKMAN', 'ANNABEL', NULL),
('steyaem', 'b2cc74f12c556872caea7fcfca02f3d538d3dc98', 'STEYAERT', 'MARYLINE', NULL),
('tardyl', 'b2cc74f12c556872caea7fcfca02f3d538d3dc98', 'TARDY', 'LAURENT', NULL),
('vanoosd', 'b2cc74f12c556872caea7fcfca02f3d538d3dc98', 'VANOOST', 'DOMINIQUE', NULL),
('vanroyf', 'b2cc74f12c556872caea7fcfca02f3d538d3dc98', 'VANROYEN', 'FREDERIC', NULL),
('vantals', 'b2cc74f12c556872caea7fcfca02f3d538d3dc98', 'VANTALON', 'SANDRINE', NULL),
('vatblel', 'b2cc74f12c556872caea7fcfca02f3d538d3dc98', 'VATBLED', 'LAURE', NULL),
('vidonnm', 'b2cc74f12c556872caea7fcfca02f3d538d3dc98', 'VIDONNE', 'MARIE-FRANCE', NULL),
('villara', 'b2cc74f12c556872caea7fcfca02f3d538d3dc98', 'Villard', 'Agnès', NULL),
('wagnerh', 'b2cc74f12c556872caea7fcfca02f3d538d3dc98', 'WAGNER', 'HENRI', NULL);

--
-- Index pour les tables déchargées
--

--
-- Index pour la table `CLASSE`
--
ALTER TABLE `CLASSE`
  ADD PRIMARY KEY (`ID_CLASSE`),
  ADD KEY `classe_ibfk_2` (`LOGIN`),
  ADD KEY `classe_ibfk_1` (`NO_COURSE`);

--
-- Index pour la table `COURSES`
--
ALTER TABLE `COURSES`
  ADD PRIMARY KEY (`NO_COURSE`);

--
-- Index pour la table `PARTICIPANTS`
--
ALTER TABLE `PARTICIPANTS`
  ADD PRIMARY KEY (`NO_PARTICIPANT`);

--
-- Index pour la table `PROFESSEURS`
--
ALTER TABLE `PROFESSEURS`
  ADD PRIMARY KEY (`LOGIN`);

--
-- AUTO_INCREMENT pour les tables déchargées
--

--
-- AUTO_INCREMENT pour la table `PARTICIPANTS`
--
ALTER TABLE `PARTICIPANTS`
  MODIFY `NO_PARTICIPANT` bigint(4) NOT NULL AUTO_INCREMENT, AUTO_INCREMENT=1384;
--
-- Contraintes pour les tables déchargées
--

--
-- Contraintes pour la table `CLASSE`
--
ALTER TABLE `CLASSE`
  ADD CONSTRAINT `classe_ibfk_1` FOREIGN KEY (`NO_COURSE`) REFERENCES `COURSES` (`NO_COURSE`),
  ADD CONSTRAINT `classe_ibfk_2` FOREIGN KEY (`LOGIN`) REFERENCES `PROFESSEURS` (`LOGIN`);
COMMIT;

/*!40101 SET CHARACTER_SET_CLIENT=@OLD_CHARACTER_SET_CLIENT */;
/*!40101 SET CHARACTER_SET_RESULTS=@OLD_CHARACTER_SET_RESULTS */;
/*!40101 SET COLLATION_CONNECTION=@OLD_COLLATION_CONNECTION */;
